400,0.002434856
400.2,0.002316321
400.4,0.00283277
400.6,0.002994808
400.8,0.00306978
401,0.002937609
401.2,0.00280033
401.4,0.002858593
401.6,0.002402409
401.8,0.002078081
402,0.002187276
402.2,0.002136953
402.4,0.002326208
402.6,0.002087097
402.8,0.002367403
403,0.002136698
403.2,0.001934438
403.4,0.001822133
403.6,0.001909182
403.8,0.001850422
404,0.002004603
404.2,0.001942981
404.4,0.001792867
404.6,0.001804881
404.8,0.001797974
405,0.001756563
405.2,0.002003616
405.4,0.002292352
405.6,0.00237111
405.8,0.002512577
406,0.002834914
406.2,0.002956331
406.4,0.003026888
406.6,0.003141711
406.8,0.003091688
407,0.003282603
407.2,0.002941519
407.4,0.002874848
407.6,0.002856955
407.8,0.003120833
408,0.003163793
408.2,0.003101357
408.4,0.003192849
408.6,0.0031575
408.8,0.003225669
409,0.003357703
409.2,0.003246792
409.4,0.003694866
409.6,0.003737964
409.8,0.003718094
410,0.003493069
410.2,0.003500314
410.4,0.003672561
410.6,0.003667574
410.8,0.003684103
411,0.003669914
411.2,0.003685988
411.4,0.003916301
411.6,0.003947631
411.8,0.004051012
412,0.004306119
412.2,0.004660094
412.4,0.004615365
412.6,0.004476623
412.8,0.004432544
413,0.004751421
413.2,0.00520435
413.4,0.005589672
413.6,0.005815757
413.8,0.006027612
414,0.006099809
414.2,0.00630549
414.4,0.006604963
414.6,0.006887795
414.8,0.007319581
415,0.007956135
415.2,0.008143098
415.4,0.008301052
415.6,0.008465427
415.8,0.00875994
416,0.009143291
416.2,0.009691861
416.4,0.01002414
416.6,0.01022697
416.8,0.01059566
417,0.01095658
417.2,0.01115753
417.4,0.01160405
417.6,0.01198333
417.8,0.01239881
418,0.0126383
418.2,0.01294258
418.4,0.01330546
418.6,0.01374199
418.8,0.01415003
419,0.0147014
419.2,0.01524375
419.4,0.0156306
419.6,0.01602553
419.8,0.01653045
420,0.01718267
420.2,0.01790777
420.4,0.01857339
420.6,0.01940953
420.8,0.02004779
421,0.02083575
421.2,0.02163316
421.4,0.0225184
421.6,0.02358368
421.8,0.02453171
422,0.02542347
422.2,0.02623257
422.4,0.02710281
422.6,0.02806611
422.8,0.02891923
423,0.03001429
423.2,0.03086803
423.4,0.03186128
423.6,0.0327684
423.8,0.03381485
424,0.03499692
424.2,0.03619391
424.4,0.0372286
424.6,0.03853884
424.8,0.03968931
425,0.04105472
425.2,0.04243167
425.4,0.04413342
425.6,0.04566845
425.8,0.04727576
426,0.04871755
426.2,0.05021701
426.4,0.0519628
426.6,0.05380538
426.8,0.05562541
427,0.05751907
427.2,0.05931213
427.4,0.06115026
427.6,0.06297763
427.8,0.06504226
428,0.06713144
428.2,0.06940897
428.4,0.07161649
428.6,0.0736092
428.8,0.0760754
429,0.07832618
429.2,0.08078739
429.4,0.08334112
429.6,0.0858671
429.8,0.08856598
430,0.09127037
430.2,0.09403872
430.4,0.09690442
430.6,0.09998535
430.8,0.1032005
431,0.1062449
431.2,0.1095305
431.4,0.1128221
431.6,0.1162537
431.8,0.1199274
432,0.123496
432.2,0.1271277
432.4,0.1308929
432.6,0.1347153
432.8,0.1386979
433,0.1429042
433.2,0.1470583
433.4,0.1513094
433.6,0.1556775
433.8,0.160198
434,0.1646861
434.2,0.1694542
434.4,0.1743044
434.6,0.1794054
434.8,0.1845867
435,0.1898783
435.2,0.1952218
435.4,0.2008375
435.6,0.2067021
435.8,0.2126284
436,0.2185852
436.2,0.2249345
436.4,0.2314682
436.6,0.2382176
436.8,0.2449887
437,0.2520129
437.2,0.2591959
437.4,0.2667085
437.6,0.2742461
437.8,0.2819591
438,0.2900406
438.2,0.2984447
438.4,0.3069372
438.6,0.3155869
438.8,0.32452
439,0.3337346
439.2,0.3431263
439.4,0.3527353
439.6,0.3626319
439.8,0.3729651
440,0.3834913
440.2,0.3941973
440.4,0.4050708
440.6,0.4162197
440.8,0.4275438
441,0.4390354
441.2,0.4507906
441.4,0.462777
441.6,0.4750642
441.8,0.4874366
442,0.4999011
442.2,0.5126053
442.4,0.525442
442.6,0.5385122
442.8,0.5516711
443,0.5648038
443.2,0.5781772
443.4,0.5914483
443.6,0.6047981
443.8,0.6180437
444,0.6312805
444.2,0.6445025
444.4,0.657549
444.6,0.6704858
444.8,0.6830775
445,0.6954623
445.2,0.7076671
445.4,0.7194255
445.6,0.7309434
445.8,0.742184
446,0.7530332
446.2,0.7633416
446.4,0.7731263
446.6,0.782477
446.8,0.7912443
447,0.7994298
447.2,0.8070083
447.4,0.8139712
447.6,0.8202835
447.8,0.8258002
448,0.830557
448.2,0.8345753
448.4,0.8379165
448.6,0.8404138
448.8,0.8420817
449,0.8429439
449.2,0.8430435
449.4,0.8424262
449.6,0.841041
449.8,0.8387228
450,0.8358061
450.2,0.8320801
450.4,0.8276179
450.6,0.8224764
450.8,0.8167135
451,0.8102531
451.2,0.8032327
451.4,0.795604
451.6,0.7873042
451.8,0.77859
452,0.7694767
452.2,0.7600955
452.4,0.7503167
452.6,0.7401613
452.8,0.7297157
453,0.7190297
453.2,0.7081872
453.4,0.6972977
453.6,0.6863648
453.8,0.6754754
454,0.6643201
454.2,0.653363
454.4,0.6422368
454.6,0.6312273
454.8,0.620357
455,0.6096594
455.2,0.5992367
455.4,0.5890023
455.6,0.5788134
455.8,0.5689179
456,0.5592903
456.2,0.550038
456.4,0.5409388
456.6,0.532316
456.8,0.5240029
457,0.5158911
457.2,0.5080988
457.4,0.5006024
457.6,0.4933861
457.8,0.4864776
458,0.479852
458.2,0.473438
458.4,0.4674392
458.6,0.4617382
458.8,0.4561583
459,0.4508844
459.2,0.4459916
459.4,0.4410659
459.6,0.4363118
459.8,0.4316653
460,0.4271844
460.2,0.4229386
460.4,0.4188583
460.6,0.4146867
460.8,0.4107326
461,0.4067848
461.2,0.4028727
461.4,0.3989623
461.6,0.3952768
461.8,0.3915773
462,0.3879625
462.2,0.384361
462.4,0.3806652
462.6,0.3769993
462.8,0.3733788
463,0.3696817
463.2,0.3659543
463.4,0.3621218
463.6,0.3582055
463.8,0.3541746
464,0.350192
464.2,0.3461747
464.4,0.342151
464.6,0.338064
464.8,0.3338887
465,0.3296097
465.2,0.3251142
465.4,0.3207233
465.6,0.3163645
465.8,0.3119451
466,0.3076437
466.2,0.3031285
466.4,0.2986834
466.6,0.2941163
466.8,0.2896377
467,0.2850752
467.2,0.2805755
467.4,0.2762273
467.6,0.2717566
467.8,0.2672437
468,0.2629101
468.2,0.258404
468.4,0.2540849
468.6,0.2496362
468.8,0.2454432
469,0.2411456
469.2,0.2369374
469.4,0.2327784
469.6,0.2286615
469.8,0.2246652
470,0.220775
470.2,0.2169702
470.4,0.2133156
470.6,0.2096803
470.8,0.2063432
471,0.2029194
471.2,0.1996218
471.4,0.1965914
471.6,0.193525
471.8,0.1906305
472,0.1878793
472.2,0.1851273
472.4,0.182403
472.6,0.179757
472.8,0.1774119
473,0.1750529
473.2,0.1728242
473.4,0.1706051
473.6,0.1682689
473.8,0.1662249
474,0.1643347
474.2,0.1624148
474.4,0.1606643
474.6,0.1589032
474.8,0.1572989
475,0.1556449
475.2,0.1540724
475.4,0.1525871
475.6,0.1512742
475.8,0.150054
476,0.1488115
476.2,0.1475323
476.4,0.1464924
476.6,0.1454116
476.8,0.1444417
477,0.1435012
477.2,0.1425587
477.4,0.1416818
477.6,0.1408735
477.8,0.1401273
478,0.1393774
478.2,0.1387086
478.4,0.1380652
478.6,0.1372982
478.8,0.1366411
479,0.1360739
479.2,0.1354962
479.4,0.1349921
479.6,0.1344081
479.8,0.1338691
480,0.1332816
480.2,0.1328739
480.4,0.1324622
480.6,0.1320655
480.8,0.1318613
481,0.1315378
481.2,0.1312146
481.4,0.1308399
481.6,0.1304715
481.8,0.1301765
482,0.1299354
482.2,0.1297373
482.4,0.1295002
482.6,0.1291561
482.8,0.128907
483,0.128537
483.2,0.1283331
483.4,0.1281748
483.6,0.1281084
483.8,0.1281191
484,0.1281183
484.2,0.1280129
484.4,0.1280074
484.6,0.1280433
484.8,0.1281743
485,0.1282709
485.2,0.12834
485.4,0.1285161
485.6,0.1286305
485.8,0.1287231
486,0.1288963
486.2,0.1290738
486.4,0.1293728
486.6,0.1296345
486.8,0.1299471
487,0.1303347
487.2,0.1305854
487.4,0.1309963
487.6,0.1313248
487.8,0.1318115
488,0.1323217
488.2,0.1328319
488.4,0.1333307
488.6,0.1338582
488.8,0.1344704
489,0.1350253
489.2,0.1356799
489.4,0.1363812
489.6,0.137009
489.8,0.1378863
490,0.1386617
490.2,0.1394185
490.4,0.1401951
490.6,0.1410284
490.8,0.1419431
491,0.142903
491.2,0.1438256
491.4,0.1447585
491.6,0.1458136
491.8,0.1469325
492,0.1478196
492.2,0.1488573
492.4,0.1499905
492.6,0.1510657
492.8,0.1521804
493,0.1532137
493.2,0.1542503
493.4,0.1553434
493.6,0.1564195
493.8,0.1575161
494,0.1586025
494.2,0.1597698
494.4,0.1609344
494.6,0.1620599
494.8,0.1632597
495,0.1644973
495.2,0.1657255
495.4,0.1669146
495.6,0.1681451
495.8,0.1694102
496,0.1706827
496.2,0.1719785
496.4,0.1733149
496.6,0.1745316
496.8,0.1758864
497,0.1771533
497.2,0.1784486
497.4,0.179697
497.6,0.1810947
497.8,0.182475
498,0.1838122
498.2,0.1852174
498.4,0.1865331
498.6,0.1878822
498.8,0.1892987
499,0.19066
499.2,0.1920073
499.4,0.1934045
499.6,0.1948995
499.8,0.1962319
500,0.1975579
500.2,0.1989245
500.4,0.2002565
500.6,0.2016748
500.8,0.2030431
501,0.2043569
501.2,0.2057303
501.4,0.2071295
501.6,0.2085377
501.8,0.2099797
502,0.2113763
502.2,0.2128762
502.4,0.2144756
502.6,0.215962
502.8,0.2173814
503,0.2188593
503.2,0.2204107
503.4,0.2219089
503.6,0.223374
503.8,0.2248408
504,0.2262502
504.2,0.2276748
504.4,0.2290524
504.6,0.2303413
504.8,0.2317
505,0.2330668
505.2,0.23449
505.4,0.2358516
505.6,0.2372469
505.8,0.238654
506,0.2400918
506.2,0.2416075
506.4,0.2431265
506.6,0.244625
506.8,0.2461226
507,0.247581
507.2,0.2491958
507.4,0.2506445
507.6,0.2521432
507.8,0.2536266
508,0.25513
508.2,0.2565151
508.4,0.2579089
508.6,0.2593379
508.8,0.2608368
509,0.2622398
509.2,0.263594
509.4,0.2649592
509.6,0.2663772
509.8,0.26775
510,0.2690563
510.2,0.2705185
510.4,0.2719454
510.6,0.2733819
510.8,0.2747468
511,0.2761095
511.2,0.2775549
511.4,0.2790681
511.6,0.2804979
511.8,0.2819054
512,0.2832995
512.2,0.2846999
512.4,0.2860437
512.6,0.2874525
512.8,0.2887877
513,0.29018
513.2,0.2915903
513.4,0.2929941
513.6,0.2943987
513.8,0.2956632
514,0.2969936
514.2,0.2983647
514.4,0.2997784
514.6,0.3010721
514.8,0.3024617
515,0.3037658
515.2,0.3051808
515.4,0.3064945
515.6,0.307779
515.8,0.3089832
516,0.3103537
516.2,0.3116508
516.4,0.3129359
516.6,0.3141745
516.8,0.3154396
517,0.3165817
517.2,0.3178785
517.4,0.319068
517.6,0.3202227
517.8,0.3214829
518,0.3227702
518.2,0.3240034
518.4,0.3252682
518.6,0.3264814
518.8,0.3278539
519,0.329215
519.2,0.3304608
519.4,0.3316232
519.6,0.3327974
519.8,0.3340829
520,0.3352386
520.2,0.3364326
520.4,0.337647
520.6,0.3387919
520.8,0.3400503
521,0.3409974
521.2,0.3419403
521.4,0.3431792
521.6,0.3443638
521.8,0.3454403
522,0.3465883
522.2,0.3477013
522.4,0.3487925
522.6,0.3498661
522.8,0.3509375
523,0.3519502
523.2,0.3530396
523.4,0.3541427
523.6,0.3550614
523.8,0.3560938
524,0.3570024
524.2,0.3578424
524.4,0.3587523
524.6,0.3597947
524.8,0.3607966
525,0.3618346
525.2,0.3627852
525.4,0.3638647
525.6,0.3648725
525.8,0.3659007
526,0.3668121
526.2,0.3678726
526.4,0.3688658
526.6,0.3698664
526.8,0.3707381
527,0.3716838
527.2,0.3725804
527.4,0.3735501
527.6,0.3744361
527.8,0.3754358
528,0.376384
528.2,0.3775094
528.4,0.3785586
528.6,0.3795727
528.8,0.3804829
529,0.3814634
529.2,0.3823129
529.4,0.3831435
529.6,0.3840103
529.8,0.3848917
530,0.3857262
530.2,0.3866045
530.4,0.3873034
530.6,0.3880766
530.8,0.3888576
531,0.3897683
531.2,0.390597
531.4,0.3914924
531.6,0.3924417
531.8,0.393285
532,0.3941278
532.2,0.3950072
532.4,0.3958302
532.6,0.3966968
532.8,0.3975554
533,0.3984688
533.2,0.3992461
533.4,0.3999692
533.6,0.4007047
533.8,0.40143
534,0.4022584
534.2,0.403051
534.4,0.4037824
534.6,0.4045026
534.8,0.4052982
535,0.4061197
535.2,0.406807
535.4,0.4076003
535.6,0.4083879
535.8,0.4091972
536,0.4099266
536.2,0.4106013
536.4,0.4113138
536.6,0.411996
536.8,0.4127322
537,0.4133274
537.2,0.413971
537.4,0.4147426
537.6,0.4154028
537.8,0.4161415
538,0.4167852
538.2,0.4174835
538.4,0.418194
538.6,0.4188913
538.8,0.4196051
539,0.4202898
539.2,0.4209265
539.4,0.4215736
539.6,0.4221467
539.8,0.4227581
540,0.4233245
540.2,0.4239389
540.4,0.4245864
540.6,0.4251702
540.8,0.4257414
541,0.4263447
541.2,0.4269187
541.4,0.4274948
541.6,0.428039
541.8,0.4285692
542,0.4292098
542.2,0.4298108
542.4,0.4303731
542.6,0.4309051
542.8,0.4314177
543,0.4319807
543.2,0.4324742
543.4,0.4330644
543.6,0.4336719
543.8,0.4342103
544,0.4348561
544.2,0.4353319
544.4,0.4359404
544.6,0.4365783
544.8,0.4370988
545,0.4376747
545.2,0.4382565
545.4,0.4387919
545.6,0.4392368
545.8,0.4397622
546,0.4403192
546.2,0.4408052
546.4,0.4413374
546.6,0.4417716
546.8,0.4422029
547,0.44278
547.2,0.4432894
547.4,0.4437633
547.6,0.4442815
547.8,0.4448076
548,0.445289
548.2,0.445754
548.4,0.4462324
548.6,0.4466894
548.8,0.447234
549,0.4476653
549.2,0.4481174
549.4,0.448543
549.6,0.448922
549.8,0.4493874
550,0.4499778
550.2,0.4504885
550.4,0.4509498
550.6,0.4514185
550.8,0.4518218
551,0.4521964
551.2,0.4526592
551.4,0.4531128
551.6,0.4536537
551.8,0.4541868
552,0.4547056
552.2,0.4550219
552.4,0.4554664
552.6,0.4559692
552.8,0.4564086
553,0.4569098
553.2,0.4573701
553.4,0.4579181
553.6,0.458359
553.8,0.4587409
554,0.4591365
554.2,0.4595053
554.4,0.4599664
554.6,0.4603812
554.8,0.4607594
555,0.4611992
555.2,0.4616117
555.4,0.4620284
555.6,0.462398
555.8,0.4628528
556,0.4632385
556.2,0.4637486
556.4,0.4642178
556.6,0.4646876
556.8,0.4651135
557,0.4656229
557.2,0.4659852
557.4,0.4664166
557.6,0.4668542
557.8,0.4673051
558,0.467635
558.2,0.4680626
558.4,0.468416
558.6,0.4687429
558.8,0.4690304
559,0.4693718
559.2,0.4696267
559.4,0.4699888
559.6,0.4703411
559.8,0.4707489
560,0.4710753
560.2,0.4714658
560.4,0.4718269
560.6,0.472249
560.8,0.4726912
561,0.4731593
561.2,0.4735432
561.4,0.4739584
561.6,0.4744093
561.8,0.4747097
562,0.4750275
562.2,0.4754306
562.4,0.4757657
562.6,0.4761224
562.8,0.4764302
563,0.4767429
563.2,0.4770457
563.4,0.4773557
563.6,0.4776956
563.8,0.4779437
564,0.4783565
564.2,0.4786542
564.4,0.4789179
564.6,0.479245
564.8,0.4795446
565,0.4798319
565.2,0.4800754
565.4,0.4803286
565.6,0.4807799
565.8,0.4811356
566,0.4814714
566.2,0.4816917
566.4,0.4819582
566.6,0.4822841
566.8,0.4825516
567,0.4828792
567.2,0.4830755
567.4,0.4833326
567.6,0.4836733
567.8,0.4838115
568,0.4839223
568.2,0.4841526
568.4,0.484451
568.6,0.4847622
568.8,0.4849677
569,0.4852168
569.2,0.4853664
569.4,0.4857005
569.6,0.4859781
569.8,0.4861454
570,0.4863353
570.2,0.4866274
570.4,0.4868746
570.6,0.4871358
570.8,0.4873218
571,0.4875322
571.2,0.4877233
571.4,0.4880424
571.6,0.4882055
571.8,0.4883753
572,0.4885639
572.2,0.4887539
572.4,0.4889042
572.6,0.4890681
572.8,0.4892181
573,0.4893867
573.2,0.4894907
573.4,0.4896032
573.6,0.4896733
573.8,0.4897341
574,0.4898652
574.2,0.4899675
574.4,0.4900989
574.6,0.4902526
574.8,0.4902792
575,0.4902394
575.2,0.4902655
575.4,0.4903137
575.6,0.4903588
575.8,0.4903517
576,0.4905054
576.2,0.4905168
576.4,0.490471
576.6,0.4904011
576.8,0.490252
577,0.4902625
577.2,0.4903013
577.4,0.4903264
577.6,0.4903285
577.8,0.4902728
578,0.4902268
578.2,0.4900471
578.4,0.4899488
578.6,0.4899592
578.8,0.4899436
579,0.4899747
579.2,0.4898696
579.4,0.4897721
579.6,0.4896083
579.8,0.4895378
580,0.4895199
580.2,0.4894641
580.4,0.4894477
580.6,0.489367
580.8,0.4891548
581,0.4889194
581.2,0.4887295
581.4,0.4885789
581.6,0.4884392
581.8,0.4883003
582,0.4879855
582.2,0.4877652
582.4,0.4875877
582.6,0.4873185
582.8,0.4871083
583,0.4869843
583.2,0.486842
583.4,0.4865961
583.6,0.4863696
583.8,0.4861133
584,0.4857912
584.2,0.4855562
584.4,0.4852166
584.6,0.4849317
584.8,0.4846735
585,0.4842995
585.2,0.4839126
585.4,0.4834795
585.6,0.4831355
585.8,0.4827945
586,0.4824328
586.2,0.4820761
586.4,0.481758
586.6,0.4813641
586.8,0.4809034
587,0.4805341
587.2,0.4802041
587.4,0.4798242
587.6,0.4794894
587.8,0.4791086
588,0.4786756
588.2,0.4782221
588.4,0.4778508
588.6,0.4774714
588.8,0.4770266
589,0.4765089
589.2,0.4759563
589.4,0.4754154
589.6,0.4749069
589.8,0.4744152
590,0.4738778
590.2,0.4733747
590.4,0.4728481
590.6,0.4722209
590.8,0.4716479
591,0.4710869
591.2,0.4706094
591.4,0.4700414
591.6,0.4695162
591.8,0.4689974
592,0.4683988
592.2,0.4679057
592.4,0.467283
592.6,0.466652
592.8,0.4660681
593,0.4654273
593.2,0.4648181
593.4,0.4641318
593.6,0.4634381
593.8,0.4627003
594,0.4619715
594.2,0.4612539
594.4,0.4604909
594.6,0.4597675
594.8,0.4590992
595,0.4583232
595.2,0.4575242
595.4,0.4567605
595.6,0.4560325
595.8,0.4553751
596,0.4546838
596.2,0.4538884
596.4,0.4530976
596.6,0.4522963
596.8,0.4514625
597,0.4506017
597.2,0.4498434
597.4,0.4490571
597.6,0.4482925
597.8,0.4475766
598,0.4466861
598.2,0.4458682
598.4,0.4450184
598.6,0.4442514
598.8,0.443425
599,0.4427119
599.2,0.4419072
599.4,0.4411619
599.6,0.4402933
599.8,0.4393823
600,0.4384187
600.2,0.4376284
600.4,0.4367621
600.6,0.4360291
600.8,0.4352493
601,0.4344449
601.2,0.4335122
601.4,0.4326406
601.6,0.4316402
601.8,0.4308243
602,0.430005
602.2,0.4290331
602.4,0.4281077
602.6,0.4271571
602.8,0.4262789
603,0.4252115
603.2,0.424166
603.4,0.4231529
603.6,0.422176
603.8,0.4212144
604,0.4201617
604.2,0.4190769
604.4,0.4181568
604.6,0.4171135
604.8,0.4160632
605,0.4147924
605.2,0.4136515
605.4,0.4125516
605.6,0.4115238
605.8,0.4104803
606,0.4093978
606.2,0.4082141
606.4,0.4071078
606.6,0.4059455
606.8,0.4047984
607,0.4037119
607.2,0.4026191
607.4,0.4016624
607.6,0.4005411
607.8,0.3995097
608,0.3982899
608.2,0.3971286
608.4,0.3960615
608.6,0.3950383
608.8,0.3939084
609,0.3926907
609.2,0.3915721
609.4,0.3904415
609.6,0.3891861
609.8,0.388143
610,0.3869546
610.2,0.3858616
610.4,0.3847312
610.6,0.3835761
610.8,0.3823169
611,0.3811657
611.2,0.380095
611.4,0.3788929
611.6,0.3777507
611.8,0.3766241
612,0.3753687
612.2,0.3740554
612.4,0.3728932
612.6,0.3717342
612.8,0.3705933
613,0.3693323
613.2,0.3681943
613.4,0.3670031
613.6,0.3656911
613.8,0.3645176
614,0.3632646
614.2,0.3620313
614.4,0.3610158
614.6,0.359793
614.8,0.3585598
615,0.3573907
615.2,0.3562125
615.4,0.3550575
615.6,0.3538222
615.8,0.3527291
616,0.3515009
616.2,0.3503163
616.4,0.3491608
616.6,0.3478828
616.8,0.3467091
617,0.3455161
617.2,0.3442131
617.4,0.3430538
617.6,0.341837
617.8,0.3405783
618,0.3393467
618.2,0.338075
618.4,0.3369063
618.6,0.3356035
618.8,0.3343492
619,0.3329853
619.2,0.331758
619.4,0.3306271
619.6,0.32947
619.8,0.3282034
620,0.3271089
620.2,0.3258661
620.4,0.3247202
620.6,0.3235394
620.8,0.3223882
621,0.3210649
621.2,0.3199179
621.4,0.318682
621.6,0.3173049
621.8,0.3159977
622,0.3147796
622.2,0.3135271
622.4,0.3122745
622.6,0.3109831
622.8,0.3097062
623,0.3086191
623.2,0.30751
623.4,0.3063373
623.6,0.3051416
623.8,0.3040603
624,0.3028316
624.2,0.3015555
624.4,0.3003194
624.6,0.2991515
624.8,0.2979525
625,0.2968135
625.2,0.2956071
625.4,0.2944433
625.6,0.2933099
625.8,0.2920274
626,0.2907706
626.2,0.289678
626.4,0.2886042
626.6,0.2874758
626.8,0.2861957
627,0.2850387
627.2,0.2838556
627.4,0.2825106
627.6,0.2812826
627.8,0.280004
628,0.278872
628.2,0.2777188
628.4,0.2764433
628.6,0.2751077
628.8,0.2738117
629,0.2727008
629.2,0.271504
629.4,0.270243
629.6,0.2690655
629.8,0.2679492
630,0.2668462
630.2,0.265759
630.4,0.2646246
630.6,0.2633929
630.8,0.2622887
631,0.2612599
631.2,0.2601457
631.4,0.2590108
631.6,0.2578718
631.8,0.2567011
632,0.2554943
632.2,0.2542683
632.4,0.253074
632.6,0.2519667
632.8,0.2510466
633,0.2498931
633.2,0.2486827
633.4,0.2476447
633.6,0.2464731
633.8,0.2453171
634,0.2442043
634.2,0.2431422
634.4,0.2421148
634.6,0.2408884
634.8,0.2397293
635,0.2385472
635.2,0.237548
635.4,0.2365372
635.6,0.2353945
635.8,0.2344067
636,0.2333368
636.2,0.23238
636.4,0.2313662
636.6,0.2303428
636.8,0.229511
637,0.2285297
637.2,0.2275112
637.4,0.2264709
637.6,0.2253312
637.8,0.2241963
638,0.2231213
638.2,0.2220999
638.4,0.2210136
638.6,0.21988
638.8,0.2188511
639,0.2176773
639.2,0.2166381
639.4,0.2155797
639.6,0.2145563
639.8,0.2136532
640,0.2127403
640.2,0.2118673
640.4,0.2108022
640.6,0.20979
640.8,0.2088229
641,0.2076967
641.2,0.2067652
641.4,0.2056859
641.6,0.2046941
641.8,0.203603
642,0.2024862
642.2,0.2015059
642.4,0.2004842
642.6,0.1995666
642.8,0.1986273
643,0.1976013
643.2,0.1967331
643.4,0.1958029
643.6,0.1948091
643.8,0.1938155
644,0.1928898
644.2,0.191816
644.4,0.1908373
644.6,0.1898232
644.8,0.1888245
645,0.1878895
645.2,0.1869464
645.4,0.185865
645.6,0.1847955
645.8,0.183887
646,0.1829759
646.2,0.1819777
646.4,0.1811851
646.6,0.1802214
646.8,0.1793631
647,0.1785343
647.2,0.1775173
647.4,0.1765823
647.6,0.1757165
647.8,0.1748643
648,0.1739552
648.2,0.1731149
648.4,0.1723408
648.6,0.1714018
648.8,0.1704372
649,0.1694217
649.2,0.168512
649.4,0.1677016
649.6,0.1668098
649.8,0.1659953
650,0.1652376
650.2,0.1643997
650.4,0.1634334
650.6,0.1625185
650.8,0.1617343
651,0.1609706
651.2,0.1600734
651.4,0.1591889
651.6,0.1583754
651.8,0.157565
652,0.1565773
652.2,0.1557108
652.4,0.1549491
652.6,0.1540702
652.8,0.1531945
653,0.1523289
653.2,0.1514955
653.4,0.1507352
653.6,0.1499419
653.8,0.1490629
654,0.148232
654.2,0.1474078
654.4,0.1466095
654.6,0.1456842
654.8,0.144883
655,0.1440585
655.2,0.1432008
655.4,0.1424399
655.6,0.1417651
655.8,0.1409407
656,0.14018
656.2,0.1393879
656.4,0.138692
656.6,0.1378417
656.8,0.1370163
657,0.1362363
657.2,0.1354642
657.4,0.1347154
657.6,0.1339656
657.8,0.1330188
658,0.1322176
658.2,0.131505
658.4,0.1308252
658.6,0.1301796
658.8,0.1294234
659,0.1287736
659.2,0.128059
659.4,0.1273501
659.6,0.1266935
659.8,0.1258689
660,0.1252716
660.2,0.1245608
660.4,0.1238267
660.6,0.123175
660.8,0.1224297
661,0.1217917
661.2,0.1210988
661.4,0.1204665
661.6,0.1197397
661.8,0.1189985
662,0.11842
662.2,0.1176786
662.4,0.1170974
662.6,0.116354
662.8,0.1156125
663,0.1149499
663.2,0.1142747
663.4,0.1137325
663.6,0.1132139
663.8,0.112629
664,0.112098
664.2,0.1113494
664.4,0.1107752
664.6,0.1100706
664.8,0.1094275
665,0.1087972
665.2,0.1081621
665.4,0.1074316
665.6,0.1066944
665.8,0.1059252
666,0.105378
666.2,0.104656
666.4,0.1040278
666.6,0.1033561
666.8,0.102869
667,0.1024153
667.2,0.101754
667.4,0.1011205
667.6,0.1005335
667.8,0.09992044
668,0.09943446
668.2,0.09876011
668.4,0.09824823
668.6,0.09778541
668.8,0.09729288
669,0.09671564
669.2,0.09611247
669.4,0.0956765
669.6,0.09514671
669.8,0.09469314
670,0.09420218
670.2,0.0935756
670.4,0.09314001
670.6,0.09270961
670.8,0.09214344
671,0.09160525
671.2,0.09106654
671.4,0.0905008
671.6,0.08982556
671.8,0.08934464
672,0.08885299
672.2,0.08829721
672.4,0.0878464
672.6,0.08726737
672.8,0.08667695
673,0.08617304
673.2,0.08566588
673.4,0.085069
673.6,0.08451581
673.8,0.0840949
674,0.08359784
674.2,0.08304813
674.4,0.08259521
674.6,0.08203465
674.8,0.08147242
675,0.08099113
675.2,0.08054505
675.4,0.08015433
675.6,0.07984505
675.8,0.07941876
676,0.07895692
676.2,0.07848065
676.4,0.07805984
676.6,0.07766566
676.8,0.07732013
677,0.07703783
677.2,0.07666042
677.4,0.07629471
677.6,0.07582325
677.8,0.07530627
678,0.07493973
678.2,0.0746464
678.4,0.07432905
678.6,0.07390023
678.8,0.07351246
679,0.07311639
679.2,0.07271518
679.4,0.07229751
679.6,0.07189247
679.8,0.07146626
680,0.07118148
680.2,0.07077409
680.4,0.07037865
680.6,0.06995106
680.8,0.06964069
681,0.06933585
681.2,0.06893168
681.4,0.06856099
681.6,0.06819774
681.8,0.06780016
682,0.06753352
682.2,0.06716663
682.4,0.06691187
682.6,0.0665537
682.8,0.06625157
683,0.06602903
683.2,0.06557171
683.4,0.06536991
683.6,0.06510647
683.8,0.06487972
684,0.06465273
684.2,0.06437355
684.4,0.06411451
684.6,0.0637762
684.8,0.06350347
685,0.06329531
685.2,0.06300961
685.4,0.0627886
685.6,0.06248449
685.8,0.0622825
686,0.06204141
686.2,0.06179242
686.4,0.06145664
686.6,0.06116599
686.8,0.0609648
687,0.06067482
687.2,0.06041724
687.4,0.06018115
687.6,0.05997129
687.8,0.05969994
688,0.05940599
688.2,0.05906022
688.4,0.05883641
688.6,0.05861948
688.8,0.05851263
689,0.05834571
689.2,0.05821053
689.4,0.0580342
689.6,0.05775594
689.8,0.05757698
690,0.05748269
690.2,0.05736332
690.4,0.05728029
690.6,0.05724863
690.8,0.0571703
691,0.05698185
691.2,0.05687464
691.4,0.05668879
691.6,0.05659062
691.8,0.05643779
692,0.05640353
692.2,0.05624197
692.4,0.05611365
692.6,0.05605984
692.8,0.05589752
693,0.0558578
693.2,0.05575659
693.4,0.05571443
693.6,0.05563777
693.8,0.05556959
694,0.0556341
694.2,0.05545662
694.4,0.05542544
694.6,0.05537257
694.8,0.05527393
695,0.05524478
695.2,0.05517875
695.4,0.05512453
695.6,0.05505489
695.8,0.05525102
696,0.05523449
696.2,0.05529811
696.4,0.05544314
696.6,0.05555599
696.8,0.05565437
697,0.05570637
697.2,0.0557828
697.4,0.0558042
697.6,0.05587751
697.8,0.05602251
698,0.05602595
698.2,0.05613781
698.4,0.05619296
698.6,0.0561791
698.8,0.05624807
699,0.05630543
699.2,0.05646186
699.4,0.05664434
699.6,0.05687648
699.8,0.05709957
700,0.05721893
700.2,0.057382
700.4,0.05759327
700.6,0.05775994
700.8,0.05809223
701,0.05832639
701.2,0.05857512
701.4,0.05891621
701.6,0.0591574
701.8,0.05935208
702,0.05955404
702.2,0.0598825
702.4,0.06028253
702.6,0.06046834
702.8,0.06073086
703,0.06103871
703.2,0.06140254
703.4,0.06174966
703.6,0.06200404
703.8,0.06223859
704,0.06264338
704.2,0.06305948
704.4,0.0632707
704.6,0.06353947
704.8,0.06390196
705,0.06427289
705.2,0.06467571
705.4,0.06500924
705.6,0.06532729
705.8,0.06576773
706,0.06626727
706.2,0.06652411
706.4,0.06687362
706.6,0.06745669
706.8,0.06789087
707,0.06840416
707.2,0.06886751
707.4,0.06938083
707.6,0.06987333
707.8,0.0704866
708,0.07085007
708.2,0.07147112
708.4,0.07220707
708.6,0.07282699
708.8,0.07332586
709,0.07388896
709.2,0.07453921
709.4,0.07512673
709.6,0.07566057
709.8,0.07633077
710,0.07688929
710.2,0.07756969
710.4,0.07814322
710.6,0.0788307
710.8,0.07955055
711,0.08029284
711.2,0.08093277
711.4,0.08155748
711.6,0.08232965
711.8,0.0831082
712,0.08389185
712.2,0.08485001
712.4,0.08585533
712.6,0.08649935
712.8,0.08728725
713,0.08815683
713.2,0.08903003
713.4,0.09008952
713.6,0.09122806
713.8,0.09233619
714,0.09330045
714.2,0.09430477
714.4,0.09532785
714.6,0.09626727
714.8,0.09749166
715,0.09843434
715.2,0.09951986
715.4,0.1005787
715.6,0.101636
715.8,0.1025364
716,0.1034936
716.2,0.1046864
716.4,0.1057169
716.6,0.1066903
716.8,0.1077913
717,0.1090406
717.2,0.1103871
717.4,0.1116101
717.6,0.1129778
717.8,0.1142861
718,0.1156423
718.2,0.1169531
718.4,0.1182623
718.6,0.1197877
718.8,0.1212984
719,0.1227505
719.2,0.1242135
719.4,0.1258235
719.6,0.1273281
719.8,0.1288264
720,0.1305733
720.2,0.1322506
720.4,0.133921
720.6,0.1355491
720.8,0.1371426
721,0.1387492
721.2,0.1404974
721.4,0.1422309
721.6,0.1439719
721.8,0.1458962
722,0.1477596
722.2,0.149429
722.4,0.1512339
722.6,0.1532327
722.8,0.1552542
723,0.1572301
723.2,0.1593109
723.4,0.1614217
723.6,0.1633848
723.8,0.1654764
724,0.1674649
724.2,0.1696083
724.4,0.1718194
724.6,0.174164
724.8,0.1764478
725,0.1786958
725.2,0.1810181
725.4,0.1834158
725.6,0.185659
725.8,0.1880807
726,0.1904763
726.2,0.1929991
726.4,0.1954693
726.6,0.1980861
726.8,0.2006241
727,0.2031799
727.2,0.2058514
727.4,0.208625
727.6,0.2114434
727.8,0.2143217
728,0.21721
728.2,0.2201293
728.4,0.2231615
728.6,0.2262246
728.8,0.2291649
729,0.2321974
729.2,0.2353896
729.4,0.238539
729.6,0.2416708
729.8,0.244801
730,0.2481431
730.2,0.2515633
730.4,0.2549537
730.6,0.2582891
730.8,0.2617552
731,0.2653174
731.2,0.2689553
731.4,0.2725193
731.6,0.2762343
731.8,0.2800405
732,0.2838268
732.2,0.2876711
732.4,0.2915147
732.6,0.2954736
732.8,0.2995245
733,0.3035622
733.2,0.3077409
733.4,0.3118831
733.6,0.3160844
733.8,0.320477
734,0.3248487
734.2,0.3292589
734.4,0.3336668
734.6,0.3382314
734.8,0.3428274
735,0.3475355
735.2,0.3523259
735.4,0.3570648
735.6,0.3620752
735.8,0.3670627
736,0.3720019
736.2,0.3770742
736.4,0.3822669
736.6,0.3876527
736.8,0.3930375
737,0.3984385
737.2,0.4039544
737.4,0.4094859
737.6,0.4151768
737.8,0.4208119
738,0.4267623
738.2,0.4326673
738.4,0.4386667
738.6,0.444821
738.8,0.4510372
739,0.4572628
739.2,0.4636535
739.4,0.4700695
739.6,0.4766621
739.8,0.4832861
740,0.4899965
740.2,0.4967693
740.4,0.5038429
740.6,0.5108526
740.8,0.5180273
741,0.525082
741.2,0.5322205
741.4,0.5394627
741.6,0.5468901
741.8,0.5543901
742,0.5620622
742.2,0.569721
742.4,0.5775644
742.6,0.5852701
742.8,0.5932308
743,0.6011081
743.2,0.6093614
743.4,0.617646
743.6,0.6261603
743.8,0.6345323
744,0.6430748
744.2,0.6516818
744.4,0.6603472
744.6,0.6690619
744.8,0.6779575
745,0.6868271
745.2,0.6958196
745.4,0.704802
745.6,0.713998
745.8,0.7230808
746,0.73227
746.2,0.7415968
746.4,0.750874
746.6,0.760341
746.8,0.7697176
747,0.7791929
747.2,0.7886923
747.4,0.7981986
747.6,0.8076964
747.8,0.8171508
748,0.8264489
748.2,0.8358123
748.4,0.8449885
748.6,0.8541678
748.8,0.8632541
749,0.8722195
749.2,0.8808399
749.4,0.8895132
749.6,0.8978191
749.8,0.9061731
750,0.9141738
750.2,0.9221021
750.4,0.9297834
750.6,0.9370576
750.8,0.9442686
751,0.9510638
751.2,0.9574381
751.4,0.9636177
751.6,0.9691859
751.8,0.9746023
752,0.9794499
752.2,0.9837802
752.4,0.9876176
752.6,0.9910366
752.8,0.993928
753,0.9960477
753.2,0.99784
753.4,0.999124
753.6,0.9997702
753.8,1
754,0.9996595
754.2,0.9986748
754.4,0.9971405
754.6,0.9951894
754.8,0.9925681
755,0.9893783
755.2,0.9858416
755.4,0.981579
755.6,0.9769037
755.8,0.9718103
756,0.9661182
756.2,0.960062
756.4,0.9535156
756.6,0.946663
756.8,0.9392853
757,0.9315511
757.2,0.9236736
757.4,0.9152309
757.6,0.9065668
757.8,0.8976075
758,0.8884038
758.2,0.8789414
758.4,0.8692011
758.6,0.8593863
758.8,0.8495735
759,0.8396742
759.2,0.8294416
759.4,0.8190825
759.6,0.8088015
759.8,0.7983145
760,0.7875235
760.2,0.7766123
760.4,0.7657377
760.6,0.7546897
760.8,0.7436261
761,0.732318
761.2,0.7209407
761.4,0.7095768
761.6,0.6984509
761.8,0.6870492
762,0.6756426
762.2,0.664377
762.4,0.653183
762.6,0.6419669
762.8,0.63067
763,0.6194402
763.2,0.6083321
763.4,0.597235
763.6,0.5863433
763.8,0.5750483
764,0.5640756
764.2,0.5532007
764.4,0.5424465
764.6,0.5315904
764.8,0.5210531
765,0.5107391
765.2,0.5003086
765.4,0.4898395
765.6,0.4795506
765.8,0.4692931
766,0.4593714
766.2,0.4493683
766.4,0.4395038
766.6,0.4296995
766.8,0.4200146
767,0.4104939
767.2,0.4010362
767.4,0.3916098
767.6,0.3824638
767.8,0.3735444
768,0.3646872
768.2,0.35592
768.4,0.3473157
768.6,0.3390364
768.8,0.3308967
769,0.3229711
769.2,0.3149908
769.4,0.3072782
769.6,0.299866
769.8,0.2926403
770,0.285309
770.2,0.2783883
770.4,0.2714223
770.6,0.2648417
770.8,0.2583107
771,0.2518965
771.2,0.2457065
771.4,0.2398867
771.6,0.2340112
771.8,0.2283249
772,0.222778
772.2,0.217492
772.4,0.2122635
772.6,0.2074994
772.8,0.202583
773,0.1977685
773.2,0.1931103
773.4,0.1886178
773.6,0.1841698
773.8,0.1799217
774,0.1757949
774.2,0.1718184
774.4,0.1680054
774.6,0.1640927
774.8,0.1602625
775,0.1565599
775.2,0.1531237
775.4,0.1499737
775.6,0.146667
775.8,0.1434212
776,0.1404285
776.2,0.1374819
776.4,0.1346469
776.6,0.1318004
776.8,0.129216
777,0.1266716
777.2,0.1243118
777.4,0.1218097
777.6,0.1194071
777.8,0.1173789
778,0.1151226
778.2,0.1128544
778.4,0.1106187
778.6,0.1084263
778.8,0.1063243
779,0.1043588
779.2,0.1023614
779.4,0.1004315
779.6,0.09863815
779.8,0.09691491
780,0.09493619
780.2,0.0933414
780.4,0.09176286
780.6,0.09020849
780.8,0.08868185
781,0.08712239
781.2,0.08568624
781.4,0.08436942
781.6,0.08309563
781.8,0.08192935
782,0.08055693
782.2,0.07950405
782.4,0.07836325
782.6,0.07731992
782.8,0.07644461
783,0.07545969
783.2,0.07455146
783.4,0.0736286
783.6,0.07273425
783.8,0.07174792
784,0.07083708
784.2,0.070035
784.4,0.06910332
784.6,0.06827875
784.8,0.06739365
785,0.06656282
785.2,0.06586746
785.4,0.0653024
785.6,0.06457253
785.8,0.06395371
786,0.06339472
786.2,0.06292757
786.4,0.06234164
786.6,0.0620238
786.8,0.06154983
787,0.06120002
787.2,0.06102301
787.4,0.06071638
787.6,0.06035307
787.8,0.06010921
788,0.05975232
788.2,0.05950367
788.4,0.05918739
788.6,0.05907977
788.8,0.05879623
789,0.05858051
789.2,0.05850383
789.4,0.05817346
789.6,0.05800382
789.8,0.05805678
790,0.05800059
790.2,0.05806028
790.4,0.05807251
790.6,0.05809984
790.8,0.05800853
791,0.05805482
791.2,0.05805406
791.4,0.05792896
791.6,0.05796219
791.8,0.05797938
792,0.05784658
792.2,0.05778859
792.4,0.05797962
792.6,0.058288
792.8,0.05831188
793,0.05847821
793.2,0.05882438
793.4,0.0591908
793.6,0.05953429
793.8,0.059707
794,0.05993516
794.2,0.06022756
794.4,0.06071981
794.6,0.06096639
794.8,0.06103692
795,0.06129769
795.2,0.06158298
795.4,0.0617077
795.6,0.06194271
795.8,0.06216505
796,0.06273358
796.2,0.06330447
796.4,0.06395824
796.6,0.06432865
796.8,0.06479296
797,0.065387
797.2,0.06611928
797.4,0.06667981
797.6,0.06728747
797.8,0.06790895
798,0.06857368
798.2,0.06908173
798.4,0.06954372
798.6,0.07004336
798.8,0.07070123
799,0.07130238
799.2,0.07203712
799.4,0.07255808
799.6,0.07336564
799.8,0.07404289
800,0.07481427
800.2,0.07553376
800.4,0.07633839
800.6,0.0771885
800.8,0.07789577
801,0.07869259
801.2,0.07933286
801.4,0.08001509
801.6,0.08090756
801.8,0.0816833
802,0.08241308
802.2,0.08308855
802.4,0.08392278
802.6,0.08481295
802.8,0.08562498
803,0.08657268
803.2,0.08753713
803.4,0.08859513
803.6,0.0894449
803.8,0.09031547
804,0.0912759
804.2,0.09231833
804.4,0.09336265
804.6,0.09448802
804.8,0.0955008
805,0.09658485
805.2,0.09771201
805.4,0.09873128
805.6,0.0998537
805.8,0.1010691
806,0.1022879
806.2,0.1034124
806.4,0.1046189
806.6,0.105949
806.8,0.106918
807,0.1080126
807.2,0.109239
807.4,0.110366
807.6,0.1114901
807.8,0.1126497
808,0.1139441
808.2,0.1151828
808.4,0.1166179
808.6,0.1178621
808.8,0.1191427
809,0.1205922
809.2,0.1219066
809.4,0.1232714
809.6,0.1247461
809.8,0.1262887
810,0.1276644
810.2,0.1291382
810.4,0.1305813
810.6,0.1318538
810.8,0.1335813
811,0.1350879
811.2,0.1367785
811.4,0.1384691
811.6,0.1401974
811.8,0.1418274
812,0.1434695
812.2,0.1453052
812.4,0.1470049
812.6,0.1490082
812.8,0.1509241
813,0.1525936
813.2,0.1543974
813.4,0.1560525
813.6,0.1579187
813.8,0.1597516
814,0.1616201
814.2,0.1636515
814.4,0.1654967
814.6,0.1674774
814.8,0.1692771
815,0.1712083
815.2,0.1731497
815.4,0.1752229
815.6,0.1772219
815.8,0.1791904
816,0.1811381
816.2,0.1831722
816.4,0.1851005
816.6,0.1873423
816.8,0.1893893
817,0.1915803
817.2,0.1936792
817.4,0.195936
817.6,0.1983714
817.8,0.2009518
818,0.2033206
818.2,0.2057551
818.4,0.2081761
818.6,0.2105711
818.8,0.212975
819,0.2154801
819.2,0.218056
819.4,0.2206666
819.6,0.2233595
819.8,0.2257682
820,0.2283289
820.2,0.2310233
820.4,0.2337201
820.6,0.236498
820.8,0.2392724
821,0.2421152
821.2,0.2449365
821.4,0.2476143
821.6,0.2505491
821.8,0.253415
822,0.2563363
822.2,0.2593549
822.4,0.2623123
822.6,0.2653644
822.8,0.2683733
823,0.2715366
823.2,0.2746253
823.4,0.2775966
823.6,0.2806704
823.8,0.2837945
824,0.2869916
824.2,0.290214
824.4,0.2931539
824.6,0.2963464
824.8,0.2995736
825,0.302774
825.2,0.3060668
825.4,0.3093246
825.6,0.3128332
825.8,0.3164453
826,0.3199105
826.2,0.3233365
826.4,0.3268918
826.6,0.3305496
826.8,0.3341658
827,0.3377392
827.2,0.3414714
827.4,0.3452247
827.6,0.3490352
827.8,0.352955
828,0.3565179
828.2,0.3602991
828.4,0.3640949
828.6,0.3679422
828.8,0.3718489
829,0.3757882
829.2,0.3797608
829.4,0.3836988
829.6,0.3875482
829.8,0.3915319
830,0.3953968
830.2,0.3995059
830.4,0.4034583
830.6,0.4073769
830.8,0.4113666
831,0.4155062
831.2,0.4195319
831.4,0.4237698
831.6,0.4278663
831.8,0.431993
832,0.4361188
832.2,0.4403245
832.4,0.4444537
832.6,0.4485927
832.8,0.4528586
833,0.4570696
833.2,0.4612458
833.4,0.4654434
833.6,0.4694753
833.8,0.4735698
834,0.4777553
834.2,0.481793
834.4,0.4857262
834.6,0.4896776
834.8,0.4937883
835,0.4978451
835.2,0.5017648
835.4,0.5055062
835.6,0.5093017
835.8,0.5131638
836,0.517013
836.2,0.520746
836.4,0.5244638
836.6,0.5282065
836.8,0.5319076
837,0.5354863
837.2,0.5389364
837.4,0.5424858
837.6,0.5460749
837.8,0.5496483
838,0.5530985
838.2,0.5564805
838.4,0.559719
838.6,0.562959
838.8,0.566075
839,0.5691754
839.2,0.5723235
839.4,0.5752736
839.6,0.5781177
839.8,0.5808585
840,0.5836471
840.2,0.5861093
840.4,0.5886759
840.6,0.5911499
840.8,0.5934501
841,0.5958183
841.2,0.5980432
841.4,0.6000582
841.6,0.6022341
841.8,0.6042651
842,0.6062607
842.2,0.6078519
842.4,0.6095382
842.6,0.6108491
842.8,0.6122763
843,0.6135014
843.2,0.614682
843.4,0.6156664
843.6,0.6165091
843.8,0.6171355
844,0.6176095
844.2,0.6180218
844.4,0.6184549
844.6,0.6186358
844.8,0.6188619
845,0.6187217
845.2,0.6186211
845.4,0.6182681
845.6,0.6177508
845.8,0.6171749
846,0.6164671
846.2,0.6154372
846.4,0.6142502
846.6,0.6130385
846.8,0.6116433
847,0.6102729
847.2,0.608746
847.4,0.6069664
847.6,0.6048788
847.8,0.6027698
848,0.6005852
848.2,0.598146
848.4,0.5959769
848.6,0.5935104
848.8,0.5905734
849,0.5876555
849.2,0.5843711
849.4,0.5808879
849.6,0.5773078
849.8,0.5737065
850,0.5700435
850.2,0.5659942
850.4,0.5618615
850.6,0.5575986
850.8,0.5531049
851,0.548705
851.2,0.5440924
851.4,0.5392755
851.6,0.5346325
851.8,0.52966
852,0.5247987
852.2,0.5196716
852.4,0.5144572
852.6,0.5091876
852.8,0.5036328
853,0.4980025
853.2,0.4924204
853.4,0.4869143
853.6,0.4813791
853.8,0.4755999
854,0.4699291
854.2,0.4640147
854.4,0.4580807
854.6,0.4522724
854.8,0.44634
855,0.4402874
855.2,0.4344403
855.4,0.428383
855.6,0.4222707
855.8,0.416133
856,0.409987
856.2,0.4039465
856.4,0.3978101
856.6,0.3918153
856.8,0.3856755
857,0.3795973
857.2,0.3735327
857.4,0.3674781
857.6,0.3614131
857.8,0.3553624
858,0.3494838
858.2,0.3436954
858.4,0.3378325
858.6,0.3319681
858.8,0.3262196
859,0.3205807
859.2,0.3150181
859.4,0.3096583
859.6,0.304249
859.8,0.298937
860,0.2936706
860.2,0.2882835
860.4,0.283118
860.6,0.2781711
860.8,0.273236
861,0.2681972
861.2,0.2632743
861.4,0.2582987
861.6,0.2534881
861.8,0.2486858
862,0.244031
862.2,0.2393016
862.4,0.2348783
862.6,0.230378
862.8,0.2259045
863,0.2215897
863.2,0.2173291
863.4,0.2131925
863.6,0.209104
863.8,0.2049564
864,0.2012274
864.2,0.1974155
864.4,0.1938018
864.6,0.1900711
864.8,0.1863869
865,0.1827431
865.2,0.1793216
865.4,0.175897
865.6,0.1725601
865.8,0.1695047
866,0.1663157
866.2,0.1630356
866.4,0.1599133
866.6,0.1567568
866.8,0.1538523
867,0.1511212
867.2,0.1483379
867.4,0.1454496
867.6,0.1426956
867.8,0.1401069
868,0.137451
868.2,0.1350778
868.4,0.1325139
868.6,0.1301473
868.8,0.1278928
869,0.1255569
869.2,0.1231579
869.4,0.1208132
869.6,0.1187297
869.8,0.1165846
870,0.1144558
870.2,0.1123604
870.4,0.1103148
870.6,0.1084752
870.8,0.1064475
871,0.1045045
871.2,0.1026337
871.4,0.1008835
871.6,0.09920499
871.8,0.09738557
872,0.0957638
872.2,0.09402647
872.4,0.0921983
872.6,0.09054445
872.8,0.08885937
873,0.08733296
873.2,0.08579799
873.4,0.08433479
873.6,0.08264985
873.8,0.08103323
874,0.07955893
874.2,0.07813911
874.4,0.0766759
874.6,0.07540625
874.8,0.07385133
875,0.07246926
875.2,0.07103229
875.4,0.06962594
875.6,0.06824348
875.8,0.06711425
876,0.0659469
876.2,0.06465198
876.4,0.06335581
876.6,0.06209541
876.8,0.06092927
877,0.0599451
877.2,0.0588461
877.4,0.05772397
877.6,0.05656384
877.8,0.05542812
878,0.05418552
878.2,0.05314954
878.4,0.05211899
878.6,0.05119418
878.8,0.05032666
879,0.04921187
879.2,0.04826894
879.4,0.04735244
879.6,0.04648455
879.8,0.04568874
880,0.04503606
880.2,0.04420968
880.4,0.04339747
880.6,0.04275382
880.8,0.04183119
881,0.04106028
881.2,0.04046392
881.4,0.03969578
881.6,0.03894051
881.8,0.03831964
882,0.03770726
882.2,0.03693029
882.4,0.03637907
882.6,0.03575692
882.8,0.03512672
883,0.03465499
883.2,0.03396846
883.4,0.03344478
883.6,0.03285772
883.8,0.03248125
884,0.03193027
884.2,0.03129001
884.4,0.03081724
884.6,0.03024203
884.8,0.02968285
885,0.02913143
885.2,0.02866469
885.4,0.02821957
885.6,0.02778113
885.8,0.02736172
886,0.02687539
886.2,0.02640457
886.4,0.02602213
886.6,0.02556037
886.8,0.02527745
887,0.02494251
887.2,0.02457412
887.4,0.02414856
887.6,0.0237991
887.8,0.02344702
888,0.0231447
888.2,0.02268599
888.4,0.02236909
888.6,0.02225244
888.8,0.02196663
889,0.02175527
889.2,0.02154115
889.4,0.02116668
889.6,0.02096041
889.8,0.02067283
890,0.0205171
890.2,0.0203467
890.4,0.02017591
890.6,0.02011264
890.8,0.01980193
891,0.01977392
891.2,0.01955562
891.4,0.01950491
891.6,0.01963901
891.8,0.01956309
892,0.01962328
892.2,0.01955791
892.4,0.01953201
892.6,0.01957629
892.8,0.01944319
893,0.0193919
893.2,0.0192234
893.4,0.01922687
893.6,0.01916998
893.8,0.01897117
894,0.01883261
894.2,0.01873231
894.4,0.01851404
894.6,0.01848484
894.8,0.01844216
895,0.01854695
895.2,0.01862678
895.4,0.01876803
895.6,0.01888609
895.8,0.01870872
896,0.01876701
896.2,0.0191124
896.4,0.01933391
896.6,0.01958419
896.8,0.01973099
897,0.01995675
897.2,0.02012476
897.4,0.02049653
897.6,0.02076419
897.8,0.0209708
898,0.02150459
898.2,0.02190662
898.4,0.02212103
898.6,0.02261512
898.8,0.02307634
899,0.02344745
899.2,0.02395256
899.4,0.02437919
899.6,0.02456394
899.8,0.02496173
900,0.02551559
900.2,0.02602664
900.4,0.02665761
900.6,0.02726123
900.8,0.02775624
901,0.02843408
901.2,0.02924453
901.4,0.02992558
901.6,0.03074954
901.8,0.03173807
902,0.03257486
902.2,0.03340675
902.4,0.03440151
902.6,0.03517291
902.8,0.03604048
903,0.03699493
903.2,0.03782204
903.4,0.03868211
903.6,0.039576
903.8,0.0406341
904,0.04158405
904.2,0.04244264
904.4,0.0433265
904.6,0.04416529
904.8,0.04521021
905,0.04628454
905.2,0.04735969
905.4,0.04849204
905.6,0.04960989
905.8,0.05080558
906,0.05183579
906.2,0.05285547
906.4,0.05425643
906.6,0.05571739
906.8,0.05692775
907,0.05831499
907.2,0.05963201
907.4,0.06089075
907.6,0.06202116
907.8,0.0632328
908,0.06454469
908.2,0.06570409
908.4,0.06710096
908.6,0.06821217
908.8,0.06931154
909,0.07061628
909.2,0.07174748
909.4,0.07289021
909.6,0.07403805
909.8,0.07552501
910,0.07675464
910.2,0.07795797
910.4,0.07920922
910.6,0.08040945
910.8,0.08176868
911,0.08297563
911.2,0.08420388
911.4,0.08562418
911.6,0.08699857
911.8,0.08825194
912,0.08930872
912.2,0.09055138
912.4,0.09165426
912.6,0.09294092
912.8,0.09424438
913,0.09544744
913.2,0.09674407
913.4,0.09789451
913.6,0.09898279
913.8,0.1002103
914,0.1015332
914.2,0.1028834
914.4,0.104097
914.6,0.1054549
914.8,0.1068818
915,0.1082776
915.2,0.1096456
915.4,0.1109909
915.6,0.1123348
915.8,0.1137299
916,0.1149411
916.2,0.1162421
916.4,0.1175305
916.6,0.1188226
916.8,0.1201795
917,0.1213713
917.2,0.1224504
917.4,0.1237849
917.6,0.1248802
917.8,0.126349
918,0.1277502
918.2,0.1291882
918.4,0.1306932
918.6,0.1321815
918.8,0.1337487
919,0.1352585
919.2,0.136834
919.4,0.1385963
919.6,0.1399864
919.8,0.1418301
920,0.1434816
920.2,0.1449971
920.4,0.146704
920.6,0.1483474
920.8,0.1500419
921,0.1517438
921.2,0.15329
921.4,0.1549323
921.6,0.1566442
921.8,0.1585229
922,0.1602666
922.2,0.1619273
922.4,0.1637304
922.6,0.165533
922.8,0.167177
923,0.1690017
923.2,0.1708054
923.4,0.1729379
923.6,0.1747979
923.8,0.176715
924,0.1787742
924.2,0.1806501
924.4,0.1827347
924.6,0.1848609
924.8,0.1869162
925,0.1891875
925.2,0.1912778
925.4,0.1934517
925.6,0.1954622
925.8,0.1976375
926,0.1997432
926.2,0.2018475
926.4,0.2040865
926.6,0.2062413
926.8,0.2085418
927,0.2107719
927.2,0.2130465
927.4,0.2154189
927.6,0.2180266
927.8,0.2204452
928,0.2230187
928.2,0.2256753
928.4,0.2282878
928.6,0.2309599
928.8,0.2336571
929,0.2363903
929.2,0.2391706
929.4,0.2420301
929.6,0.2448528
929.8,0.2476364
930,0.2505662
930.2,0.2536085
930.4,0.2566043
930.6,0.2595191
930.8,0.2627846
931,0.2660031
931.2,0.2692616
931.4,0.2726328
931.6,0.2758864
931.8,0.2791446
932,0.2823111
932.2,0.2856378
932.4,0.2889735
932.6,0.2925244
932.8,0.2963432
933,0.2999204
933.2,0.3036608
933.4,0.3072698
933.6,0.3110417
933.8,0.3147931
934,0.3185973
934.2,0.3224483
934.4,0.3263816
934.6,0.3302748
934.8,0.3339481
935,0.3375936
935.2,0.3413404
935.4,0.3450209
935.6,0.3488708
935.8,0.3527134
936,0.3567712
936.2,0.3609428
936.4,0.3652693
936.6,0.3695954
936.8,0.3739702
937,0.3784523
937.2,0.3828632
937.4,0.3872153
937.6,0.3918231
937.8,0.396072
938,0.4004961
938.2,0.4048402
938.4,0.4092525
938.6,0.4137227
938.8,0.4183756
939,0.4229694
939.2,0.4276738
939.4,0.432544
939.6,0.4374259
939.8,0.4423673
940,0.4478861
940.2,0.4533448
940.4,0.4587946
940.6,0.4644002
940.8,0.4702426
941,0.4759434
941.2,0.4818951
941.4,0.4880181
941.6,0.4942271
941.8,0.5009448
942,0.5075702
942.2,0.5140314
942.4,0.5204813
942.6,0.5272545
942.8,0.5342284
943,0.5411352
943.2,0.5481036
943.4,0.5550001
943.6,0.5617151
943.8,0.5684214
944,0.5747405
944.2,0.58138
944.4,0.5881723
944.6,0.5951974
944.8,0.6020923
945,0.6090509
945.2,0.615661
945.4,0.6225011
945.6,0.6293045
945.8,0.6362824
946,0.6434825
946.2,0.6507589
946.4,0.6579841
946.6,0.6652997
946.8,0.6726218
947,0.680023
947.2,0.6871434
947.4,0.6945298
947.6,0.7017397
947.8,0.7090081
948,0.7162043
948.2,0.7235122
948.4,0.7310533
948.6,0.7383049
948.8,0.7455295
949,0.7524498
949.2,0.7592668
949.4,0.7659359
949.6,0.7723896
949.8,0.7787045
950,0.7849177
950.2,0.7911428
950.4,0.7971036
950.6,0.8026726
950.8,0.8083448
951,0.8136466
951.2,0.8188493
951.4,0.8237921
951.6,0.8284386
951.8,0.8328613
952,0.8370435
952.2,0.8409422
952.4,0.8444034
952.6,0.8473149
952.8,0.8501027
953,0.8524542
953.2,0.8543787
953.4,0.8559919
953.6,0.8571689
953.8,0.8582521
954,0.8589374
954.2,0.8592291
954.4,0.8592736
954.6,0.8588579
954.8,0.8581001
955,0.8566995
955.2,0.8549041
955.4,0.8527218
955.6,0.850101
955.8,0.8470306
956,0.8433203
956.2,0.8392788
956.4,0.8348273
956.6,0.8299668
956.8,0.8248208
957,0.8190323
957.2,0.8130665
957.4,0.8064156
957.6,0.7995544
957.8,0.7922639
958,0.7849201
958.2,0.7771819
958.4,0.7692447
958.6,0.7606512
958.8,0.7516821
959,0.7425252
959.2,0.7330623
959.4,0.7231839
959.6,0.7134948
959.8,0.7032384
960,0.6928483
960.2,0.6823118
960.4,0.6717079
960.6,0.6609812
960.8,0.6504009
961,0.6397587
961.2,0.6286957
961.4,0.6178873
961.6,0.606995
961.8,0.5958431
962,0.5847866
962.2,0.5736229
962.4,0.5623168
962.6,0.551379
962.8,0.5403439
963,0.5293708
963.2,0.5183683
963.4,0.5076562
963.6,0.4970415
963.8,0.4864833
964,0.4760375
964.2,0.4656681
964.4,0.4558089
964.6,0.4458459
964.8,0.4357456
965,0.4258908
965.2,0.4161731
965.4,0.4066061
965.6,0.3972644
965.8,0.3880028
966,0.3787816
966.2,0.3698803
966.4,0.3612132
966.6,0.3524986
966.8,0.3440994
967,0.3358586
967.2,0.3278346
967.4,0.3198742
967.6,0.3122941
967.8,0.304621
968,0.2970977
968.2,0.2900851
968.4,0.2830824
968.6,0.2760132
968.8,0.269073
969,0.262459
969.2,0.2560419
969.4,0.249754
969.6,0.2436192
969.8,0.2376688
970,0.2318687
970.2,0.2262668
970.4,0.2207077
970.6,0.2152613
970.8,0.2102227
971,0.2052214
971.2,0.2001793
971.4,0.1953098
971.6,0.1905381
971.8,0.1860329
972,0.1814018
972.2,0.1769023
972.4,0.1727022
972.6,0.1685295
972.8,0.1645004
973,0.1604821
973.2,0.1566883
973.4,0.1529868
973.6,0.1494589
973.8,0.1457523
974,0.1422553
974.2,0.1389765
974.4,0.1358184
974.6,0.132427
974.8,0.1289974
975,0.12585
975.2,0.1227299
975.4,0.1195432
975.6,0.1167097
975.8,0.113743
976,0.1111676
976.2,0.1085134
976.4,0.1056767
976.6,0.1029334
976.8,0.1006005
977,0.09812897
977.2,0.09587603
977.4,0.09358893
977.6,0.09139879
977.8,0.08918581
978,0.08711282
978.2,0.0847839
978.4,0.0826178
978.6,0.080805
978.8,0.07891557
979,0.07691979
979.2,0.07502123
979.4,0.07293189
979.6,0.07106565
979.8,0.06936219
980,0.0677242
980.2,0.06583424
980.4,0.06434955
980.6,0.06287143
980.8,0.06134873
981,0.05998738
981.2,0.05842565
981.4,0.05720415
981.6,0.05588291
981.8,0.05458957
982,0.05333093
982.2,0.05177347
982.4,0.05070605
982.6,0.04944972
982.8,0.04830597
983,0.047026
983.2,0.04564982
983.4,0.04461927
983.6,0.04347848
983.8,0.04249369
984,0.0414875
984.2,0.04030387
984.4,0.0393885
984.6,0.03840103
984.8,0.03722051
985,0.03616761
985.2,0.03553436
985.4,0.03491493
985.6,0.03397189
985.8,0.03317044
986,0.03232061
986.2,0.03154041
986.4,0.03084947
986.6,0.0301802
986.8,0.02933955
987,0.02888767
987.2,0.02819166
987.4,0.0272522
987.6,0.02651185
987.8,0.02607247
988,0.02543484
988.2,0.02493893
988.4,0.02426192
988.6,0.02363914
988.8,0.02296131
989,0.02261361
989.2,0.02223076
989.4,0.02179758
989.6,0.02134785
989.8,0.02083589
990,0.02034387
990.2,0.01987263
990.4,0.01933739
990.6,0.01893078
990.8,0.01861288
991,0.01850265
991.2,0.01801223
991.4,0.0174057
991.6,0.01704122
991.8,0.01671326
992,0.01640398
992.2,0.01611589
992.4,0.01585966
992.6,0.01555262
992.8,0.01534067
993,0.01503568
993.2,0.01466452
993.4,0.01434287
993.6,0.01429415
993.8,0.01402117
994,0.01378324
994.2,0.01343174
994.4,0.01315676
994.6,0.01284069
994.8,0.01254005
995,0.01229697
995.2,0.01227709
995.4,0.0118939
995.6,0.01162775
995.8,0.01131464
996,0.01108961
996.2,0.01081136
996.4,0.01068371
996.6,0.01034268
996.8,0.01011316
997,0.01007894
997.2,0.01003476
997.4,0.009741958
997.6,0.009615418
997.8,0.009675641
998,0.0095157
998.2,0.009294352
998.4,0.00920452
998.6,0.009062561
998.8,0.009056914
999,0.009020449
999.2,0.008852976
999.4,0.008562078
999.6,0.008275294
999.8,0.008122167
1000,0.007931601
1000.2,0.007976147
1000.4,0.008049034
1000.6,0.007869438
1000.8,0.007890938
1001,0.007722421
1001.2,0.007680931
1001.4,0.007672773
1001.6,0.007564394
1001.8,0.007545377
1002,0.007573641
1002.2,0.007470507
1002.4,0.007226157
1002.6,0.007090483
1002.8,0.006989981
1003,0.007000335
1003.2,0.006977642
1003.4,0.006843607
1003.6,0.006627955
1003.8,0.006544746
1004,0.006512571
1004.2,0.006358544
1004.4,0.006133033
1004.6,0.005905024
1004.8,0.005659052
1005,0.005474394
1005.2,0.005304232
1005.4,0.00510419
1005.6,0.005037449
1005.8,0.00487198
1006,0.004917403
1006.2,0.004867346
1006.4,0.004948068
1006.6,0.004970429
1006.8,0.004834658
1007,0.004903617
1007.2,0.004964282
1007.4,0.004825019
1007.6,0.004691511
1007.8,0.004643517
1008,0.004629486
1008.2,0.004437019
1008.4,0.004408167
1008.6,0.004240744
1008.8,0.004100989
1009,0.004176516
1009.2,0.003994934
1009.4,0.004088697
1009.6,0.004002934
1009.8,0.003979579
1010,0.00381129
1010.2,0.003731985
1010.4,0.003629714
1010.6,0.003585944
1010.8,0.00352818
1011,0.003576926
1011.2,0.00365493
1011.4,0.003840902
1011.6,0.003799058
1011.8,0.003688695
1012,0.003613619
1012.2,0.0036118
1012.4,0.003708568
1012.6,0.003773014
1012.8,0.003791561
1013,0.003824549
1013.2,0.00361822
1013.4,0.003489026
1013.6,0.003241511
1013.8,0.002916671
1014,0.002756875
1014.2,0.00267176
1014.4,0.002650659
1014.6,0.002544229
1014.8,0.002503685
1015,0.002343004
1015.2,0.002095415
1015.4,0.00201348
1015.6,0.002029243
1015.8,0.002077224
1016,0.002355913
1016.2,0.002315738
1016.4,0.002636206
1016.6,0.002608997
1016.8,0.002835943
1017,0.002754145
1017.2,0.002794859
1017.4,0.003186352
1017.6,0.003555761
1017.8,0.003607823
1018,0.003552792
1018.2,0.003406973
1018.4,0.003553538
1018.6,0.003305388
1018.8,0.003255549
1019,0.003005981
1019.2,0.003112799
1019.4,0.003037567
1019.6,0.002733278
1019.8,0.002581794
1020,0.00250407
1020.2,0.002588258
1020.4,0.002476887
1020.6,0.002577456
1020.8,0.00251406
1021,0.002531264
1021.2,0.002830893
1021.4,0.002774484
1021.6,0.002825732
1021.8,0.002837924
1022,0.002810524
1022.2,0.00284472
1022.4,0.002779395
1022.6,0.002966353
1022.8,0.002839028
1023,0.002873957
1023.2,0.002764807
1023.4,0.002453101
1023.6,0.0023635
1023.8,0.00231439
1024,0.002495199
1024.2,0.002568462
1024.4,0.002362376
1024.6,0.002378021
1024.8,0.002197394
1025,0.002364213
