Pixel,Wavelength(nm),Intensity(Counts)
1,145.5,1667
2,145.7,1651
3,145.9,1684
4,146.1,1647
5,146.3,1635
6,146.6,1616
7,146.8,1596
8,147,1637
9,147.2,1637
10,147.4,1636
11,147.6,1645
12,147.8,1615
13,148,1610
14,148.2,1660
15,148.4,1621
16,148.7,1645
17,148.9,1621
18,149.1,1675
19,149.3,1693
20,149.5,1693
21,149.7,1717
22,149.9,1692
23,150.1,1693
24,150.3,1671
25,150.5,1643
26,150.8,1623
27,151,1678
28,151.2,1637
29,151.4,1609
30,151.6,1632
31,151.8,1600
32,152,1553
33,152.2,1618
34,152.4,1633
35,152.6,1613
36,152.9,1615
37,153.1,1656
38,153.3,1653
39,153.5,1676
40,153.7,1692
41,153.9,1710
42,154.1,1690
43,154.3,1646
44,154.5,1643
45,154.7,1635
46,155,1565
47,155.2,1566
48,155.4,1549
49,155.6,1557
50,155.8,1563
51,156,1577
52,156.2,1625
53,156.4,1585
54,156.6,1630
55,156.9,1624
56,157.1,1658
57,157.3,1595
58,157.5,1653
59,157.7,1665
60,157.9,1618
61,158.1,1619
62,158.3,1645
63,158.5,1681
64,158.7,1687
65,159,1664
66,159.2,1557
67,159.4,1550
68,159.6,1619
69,159.8,1650
70,160,1675
71,160.2,1651
72,160.4,1603
73,160.6,1633
74,160.9,1674
75,161.1,1685
76,161.3,1657
77,161.5,1601
78,161.7,1579
79,161.9,1635
80,162.1,1645
81,162.3,1662
82,162.5,1671
83,162.8,1662
84,163,1633
85,163.2,1702
86,163.4,1633
87,163.6,1623
88,163.8,1560
89,164,1627
90,164.2,1740
91,164.4,1721
92,164.7,1667
93,164.9,1650
94,165.1,1618
95,165.3,1578
96,165.5,1598
97,165.7,1497
98,165.9,1528
99,166.1,1567
100,166.3,1634
101,166.6,1607
102,166.8,1627
103,167,1613
104,167.2,1666
105,167.4,1671
106,167.6,1695
107,167.8,1742
108,168,1756
109,168.2,1642
110,168.5,1609
111,168.7,1678
112,168.9,1677
113,169.1,1628
114,169.3,1664
115,169.5,1659
116,169.7,1661
117,169.9,1700
118,170.1,1753
119,170.4,1767
120,170.6,1709
121,170.8,1648
122,171,1671
123,171.2,1692
124,171.4,1709
125,171.6,1623
126,171.8,1621
127,172,1653
128,172.3,1619
129,172.5,1669
130,172.7,1659
131,172.9,1643
132,173.1,1631
133,173.3,1580
134,173.5,1683
135,173.7,1648
136,174,1633
137,174.2,1575
138,174.4,1587
139,174.6,1577
140,174.8,1617
141,175,1687
142,175.2,1700
143,175.4,1648
144,175.6,1677
145,175.9,1671
146,176.1,1653
147,176.3,1691
148,176.5,1701
149,176.7,1713
150,176.9,1670
151,177.1,1641
152,177.3,1695
153,177.6,1676
154,177.8,1686
155,178,1671
156,178.2,1649
157,178.4,1665
158,178.6,1647
159,178.8,1614
160,179,1569
161,179.3,1633
162,179.5,1677
163,179.7,1635
164,179.9,1615
165,180.1,1639
166,180.3,1615
167,180.5,1631
168,180.7,1677
169,181,1712
170,181.2,1684
171,181.4,1655
172,181.6,1566
173,181.8,1556
174,182,1610
175,182.2,1710
176,182.4,1737
177,182.6,1658
178,182.9,1685
179,183.1,1663
180,183.3,1639
181,183.5,1648
182,183.7,1615
183,183.9,1629
184,184.1,1689
185,184.3,1687
186,184.6,1768
187,184.8,1764
188,185,1749
189,185.2,1703
190,185.4,1661
191,185.6,1634
192,185.8,1671
193,186,1645
194,186.3,1617
195,186.5,1637
196,186.7,1627
197,186.9,1659
198,187.1,1613
199,187.3,1636
200,187.5,1656
201,187.8,1639
202,188,1600
203,188.2,1586
204,188.4,1627
205,188.6,1635
206,188.8,1692
207,189,1636
208,189.2,1636
209,189.5,1612
210,189.7,1600
211,189.9,1623
212,190.1,1645
213,190.3,1628
214,190.5,1685
215,190.7,1637
216,190.9,1671
217,191.2,1686
218,191.4,1633
219,191.6,1600
220,191.8,1569
221,192,1600
222,192.2,1596
223,192.4,1596
224,192.6,1652
225,192.9,1653
226,193.1,1645
227,193.3,1606
228,193.5,1669
229,193.7,1692
230,193.9,1699
231,194.1,1657
232,194.4,1616
233,194.6,1648
234,194.8,1665
235,195,1621
236,195.2,1587
237,195.4,1601
238,195.6,1553
239,195.8,1567
240,196.1,1647
241,196.3,1601
242,196.5,1601
243,196.7,1611
244,196.9,1594
245,197.1,1584
246,197.3,1619
247,197.6,1629
248,197.8,1684
249,198,1729
250,198.2,1705
251,198.4,1689
252,198.6,1708
253,198.8,1663
254,199,1617
255,199.3,1563
256,199.5,1583
257,199.7,1635
258,199.9,1715
259,200.1,1651
260,200.3,1668
261,200.5,1629
262,200.8,1625
263,201,1631
264,201.2,1645
265,201.4,1700
266,201.6,1656
267,201.8,1633
268,202,1597
269,202.3,1591
270,202.5,1644
271,202.7,1648
272,202.9,1647
273,203.1,1584
274,203.3,1640
275,203.5,1607
276,203.7,1583
277,204,1622
278,204.2,1640
279,204.4,1617
280,204.6,1579
281,204.8,1633
282,205,1669
283,205.2,1661
284,205.5,1675
285,205.7,1603
286,205.9,1613
287,206.1,1592
288,206.3,1577
289,206.5,1627
290,206.7,1633
291,207,1590
292,207.2,1597
293,207.4,1635
294,207.6,1676
295,207.8,1659
296,208,1596
297,208.2,1531
298,208.5,1570
299,208.7,1543
300,208.9,1568
301,209.1,1673
302,209.3,1641
303,209.5,1676
304,209.7,1560
305,210,1634
306,210.2,1579
307,210.4,1564
308,210.6,1591
309,210.8,1660
310,211,1701
311,211.2,1687
312,211.5,1719
313,211.7,1737
314,211.9,1700
315,212.1,1732
316,212.3,1715
317,212.5,1654
318,212.7,1681
319,213,1654
320,213.2,1638
321,213.4,1599
322,213.6,1607
323,213.8,1619
324,214,1643
325,214.2,1636
326,214.5,1649
327,214.7,1671
328,214.9,1660
329,215.1,1636
330,215.3,1573
331,215.5,1627
332,215.7,1684
333,216,1679
334,216.2,1680
335,216.4,1741
336,216.6,1713
337,216.8,1663
338,217,1656
339,217.3,1691
340,217.5,1613
341,217.7,1636
342,217.9,1632
343,218.1,1581
344,218.3,1603
345,218.5,1633
346,218.8,1617
347,219,1605
348,219.2,1635
349,219.4,1629
350,219.6,1665
351,219.8,1683
352,220,1697
353,220.3,1730
354,220.5,1648
355,220.7,1593
356,220.9,1545
357,221.1,1558
358,221.3,1583
359,221.5,1592
360,221.8,1574
361,222,1623
362,222.2,1578
363,222.4,1503
364,222.6,1575
365,222.8,1653
366,223.1,1650
367,223.3,1651
368,223.5,1630
369,223.7,1773
370,223.9,1743
371,224.1,1629
372,224.3,1598
373,224.6,1573
374,224.8,1589
375,225,1623
376,225.2,1629
377,225.4,1572
378,225.6,1597
379,225.9,1589
380,226.1,1566
381,226.3,1532
382,226.5,1569
383,226.7,1543
384,226.9,1577
385,227.1,1667
386,227.4,1709
387,227.6,1632
388,227.8,1615
389,228,1620
390,228.2,1617
391,228.4,1665
392,228.7,1653
393,228.9,1604
394,229.1,1606
395,229.3,1585
396,229.5,1651
397,229.7,1622
398,229.9,1615
399,230.2,1597
400,230.4,1617
401,230.6,1604
402,230.8,1645
403,231,1595
404,231.2,1625
405,231.5,1639
406,231.7,1636
407,231.9,1632
408,232.1,1635
409,232.3,1607
410,232.5,1619
411,232.8,1683
412,233,1628
413,233.2,1611
414,233.4,1613
415,233.6,1597
416,233.8,1631
417,234,1633
418,234.3,1585
419,234.5,1620
420,234.7,1663
421,234.9,1661
422,235.1,1690
423,235.3,1655
424,235.6,1671
425,235.8,1647
426,236,1628
427,236.2,1582
428,236.4,1609
429,236.6,1631
430,236.9,1639
431,237.1,1643
432,237.3,1659
433,237.5,1689
434,237.7,1690
435,237.9,1655
436,238.2,1629
437,238.4,1664
438,238.6,1597
439,238.8,1655
440,239,1671
441,239.2,1641
442,239.5,1639
443,239.7,1621
444,239.9,1632
445,240.1,1621
446,240.3,1652
447,240.5,1661
448,240.7,1611
449,241,1636
450,241.2,1610
451,241.4,1565
452,241.6,1530
453,241.8,1589
454,242,1625
455,242.3,1652
456,242.5,1738
457,242.7,1708
458,242.9,1669
459,243.1,1656
460,243.3,1676
461,243.6,1629
462,243.8,1683
463,244,1678
464,244.2,1717
465,244.4,1695
466,244.6,1685
467,244.9,1703
468,245.1,1721
469,245.3,1669
470,245.5,1649
471,245.7,1635
472,245.9,1657
473,246.2,1629
474,246.4,1633
475,246.6,1653
476,246.8,1688
477,247,1619
478,247.2,1623
479,247.5,1563
480,247.7,1601
481,247.9,1635
482,248.1,1678
483,248.3,1659
484,248.5,1632
485,248.8,1710
486,249,1755
487,249.2,1637
488,249.4,1551
489,249.6,1540
490,249.8,1587
491,250.1,1621
492,250.3,1569
493,250.5,1541
494,250.7,1489
495,250.9,1537
496,251.2,1608
497,251.4,1628
498,251.6,1668
499,251.8,1613
500,252,1611
501,252.2,1643
502,252.5,1669
503,252.7,1683
504,252.9,1601
505,253.1,1638
506,253.3,1652
507,253.5,1635
508,253.8,1566
509,254,1586
510,254.2,1645
511,254.4,1689
512,254.6,1681
513,254.8,1685
514,255.1,1637
515,255.3,1550
516,255.5,1643
517,255.7,1656
518,255.9,1635
519,256.1,1676
520,256.4,1680
521,256.6,1597
522,256.8,1631
523,257,1637
524,257.2,1637
525,257.5,1627
526,257.7,1656
527,257.9,1607
528,258.1,1554
529,258.3,1541
530,258.5,1560
531,258.8,1568
532,259,1597
533,259.2,1584
534,259.4,1623
535,259.6,1668
536,259.8,1605
537,260.1,1652
538,260.3,1652
539,260.5,1574
540,260.7,1592
541,260.9,1540
542,261.2,1521
543,261.4,1551
544,261.6,1572
545,261.8,1545
546,262,1580
547,262.2,1616
548,262.5,1613
549,262.7,1593
550,262.9,1626
551,263.1,1598
552,263.3,1704
553,263.5,1675
554,263.8,1650
555,264,1595
556,264.2,1569
557,264.4,1601
558,264.6,1543
559,264.9,1546
560,265.1,1483
561,265.3,1500
562,265.5,1545
563,265.7,1579
564,265.9,1627
565,266.2,1639
566,266.4,1630
567,266.6,1593
568,266.8,1561
569,267,1601
570,267.3,1564
571,267.5,1544
572,267.7,1564
573,267.9,1553
574,268.1,1541
575,268.3,1544
576,268.6,1561
577,268.8,1562
578,269,1553
579,269.2,1573
580,269.4,1630
581,269.7,1559
582,269.9,1579
583,270.1,1536
584,270.3,1561
585,270.5,1620
586,270.7,1583
587,271,1604
588,271.2,1607
589,271.4,1524
590,271.6,1629
591,271.8,1615
592,272.1,1613
593,272.3,1573
594,272.5,1551
595,272.7,1559
596,272.9,1631
597,273.1,1646
598,273.4,1661
599,273.6,1657
600,273.8,1584
601,274,1536
602,274.2,1572
603,274.5,1540
604,274.7,1581
605,274.9,1592
606,275.1,1599
607,275.3,1623
608,275.5,1638
609,275.8,1597
610,276,1633
611,276.2,1652
612,276.4,1675
613,276.6,1661
614,276.9,1671
615,277.1,1673
616,277.3,1680
617,277.5,1663
618,277.7,1697
619,278,1629
620,278.2,1663
621,278.4,1704
622,278.6,1748
623,278.8,1665
624,279,1708
625,279.3,1618
626,279.5,1600
627,279.7,1545
628,279.9,1545
629,280.1,1634
630,280.4,1641
631,280.6,1578
632,280.8,1641
633,281,1626
634,281.2,1639
635,281.5,1676
636,281.7,1641
637,281.9,1603
638,282.1,1660
639,282.3,1637
640,282.6,1607
641,282.8,1533
642,283,1560
643,283.2,1591
644,283.4,1609
645,283.6,1646
646,283.9,1630
647,284.1,1595
648,284.3,1637
649,284.5,1627
650,284.7,1607
651,285,1611
652,285.2,1644
653,285.4,1633
654,285.6,1619
655,285.8,1613
656,286.1,1597
657,286.3,1559
658,286.5,1579
659,286.7,1609
660,286.9,1642
661,287.2,1682
662,287.4,1597
663,287.6,1551
664,287.8,1570
665,288,1597
666,288.3,1602
667,288.5,1624
668,288.7,1601
669,288.9,1587
670,289.1,1577
671,289.4,1646
672,289.6,1718
673,289.8,1708
674,290,1674
675,290.2,1613
676,290.4,1636
677,290.7,1653
678,290.9,1686
679,291.1,1697
680,291.3,1674
681,291.5,1661
682,291.8,1671
683,292,1646
684,292.2,1623
685,292.4,1606
686,292.6,1565
687,292.9,1545
688,293.1,1548
689,293.3,1567
690,293.5,1528
691,293.7,1567
692,294,1603
693,294.2,1609
694,294.4,1613
695,294.6,1580
696,294.8,1537
697,295.1,1559
698,295.3,1568
699,295.5,1516
700,295.7,1553
701,295.9,1561
702,296.2,1554
703,296.4,1597
704,296.6,1607
705,296.8,1573
706,297,1616
707,297.3,1573
708,297.5,1610
709,297.7,1655
710,297.9,1672
711,298.1,1589
712,298.4,1484
713,298.6,1517
714,298.8,1619
715,299,1653
716,299.2,1571
717,299.5,1537
718,299.7,1545
719,299.9,1536
720,300.1,1591
721,300.3,1597
722,300.6,1565
723,300.8,1571
724,301,1605
725,301.2,1640
726,301.4,1673
727,301.7,1656
728,301.9,1678
729,302.1,1641
730,302.3,1581
731,302.5,1595
732,302.8,1629
733,303,1588
734,303.2,1521
735,303.4,1542
736,303.6,1517
737,303.9,1581
738,304.1,1570
739,304.3,1549
740,304.5,1601
741,304.8,1613
742,305,1606
743,305.2,1629
744,305.4,1637
745,305.6,1737
746,305.9,1705
747,306.1,1653
748,306.3,1673
749,306.5,1601
750,306.7,1613
751,307,1652
752,307.2,1646
753,307.4,1680
754,307.6,1651
755,307.8,1671
756,308.1,1633
757,308.3,1651
758,308.5,1673
759,308.7,1653
760,308.9,1697
761,309.2,1657
762,309.4,1617
763,309.6,1603
764,309.8,1637
765,310,1660
766,310.3,1613
767,310.5,1601
768,310.7,1596
769,310.9,1636
770,311.2,1632
771,311.4,1703
772,311.6,1720
773,311.8,1717
774,312,1681
775,312.3,1665
776,312.5,1640
777,312.7,1632
778,312.9,1621
779,313.1,1614
780,313.4,1655
781,313.6,1634
782,313.8,1645
783,314,1588
784,314.2,1685
785,314.5,1613
786,314.7,1571
787,314.9,1614
788,315.1,1655
789,315.4,1696
790,315.6,1612
791,315.8,1531
792,316,1571
793,316.2,1612
794,316.5,1675
795,316.7,1674
796,316.9,1647
797,317.1,1644
798,317.3,1703
799,317.6,1668
800,317.8,1674
801,318,1575
802,318.2,1567
803,318.4,1595
804,318.7,1555
805,318.9,1593
806,319.1,1696
807,319.3,1616
808,319.6,1618
809,319.8,1593
810,320,1601
811,320.2,1575
812,320.4,1563
813,320.7,1621
814,320.9,1640
815,321.1,1609
816,321.3,1529
817,321.5,1549
818,321.8,1572
819,322,1579
820,322.2,1569
821,322.4,1581
822,322.7,1639
823,322.9,1635
824,323.1,1646
825,323.3,1632
826,323.5,1597
827,323.8,1625
828,324,1616
829,324.2,1595
830,324.4,1631
831,324.7,1633
832,324.9,1590
833,325.1,1555
834,325.3,1609
835,325.5,1647
836,325.8,1627
837,326,1651
838,326.2,1629
839,326.4,1603
840,326.6,1579
841,326.9,1561
842,327.1,1630
843,327.3,1605
844,327.5,1568
845,327.8,1569
846,328,1643
847,328.2,1653
848,328.4,1729
849,328.6,1660
850,328.9,1632
851,329.1,1645
852,329.3,1627
853,329.5,1664
854,329.8,1628
855,330,1575
856,330.2,1557
857,330.4,1599
858,330.6,1567
859,330.9,1601
860,331.1,1649
861,331.3,1625
862,331.5,1592
863,331.8,1607
864,332,1585
865,332.2,1629
866,332.4,1675
867,332.6,1681
868,332.9,1653
869,333.1,1651
870,333.3,1645
871,333.5,1635
872,333.8,1629
873,334,1647
874,334.2,1584
875,334.4,1552
876,334.6,1559
877,334.9,1562
878,335.1,1559
879,335.3,1562
880,335.5,1568
881,335.8,1581
882,336,1637
883,336.2,1667
884,336.4,1627
885,336.6,1651
886,336.9,1670
887,337.1,1637
888,337.3,1649
889,337.5,1609
890,337.8,1700
891,338,1721
892,338.2,1728
893,338.4,1691
894,338.6,1620
895,338.9,1647
896,339.1,1689
897,339.3,1649
898,339.5,1670
899,339.8,1581
900,340,1629
901,340.2,1671
902,340.4,1693
903,340.6,1628
904,340.9,1632
905,341.1,1602
906,341.3,1633
907,341.5,1629
908,341.8,1629
909,342,1639
910,342.2,1633
911,342.4,1613
912,342.7,1570
913,342.9,1571
914,343.1,1563
915,343.3,1570
916,343.5,1585
917,343.8,1532
918,344,1565
919,344.2,1618
920,344.4,1612
921,344.7,1613
922,344.9,1629
923,345.1,1612
924,345.3,1563
925,345.6,1573
926,345.8,1603
927,346,1603
928,346.2,1619
929,346.4,1595
930,346.7,1596
931,346.9,1598
932,347.1,1627
933,347.3,1664
934,347.6,1663
935,347.8,1627
936,348,1601
937,348.2,1536
938,348.5,1612
939,348.7,1609
940,348.9,1617
941,349.1,1667
942,349.3,1691
943,349.6,1645
944,349.8,1665
945,350,1624
946,350.2,1625
947,350.5,1601
948,350.7,1591
949,350.9,1597
950,351.1,1648
951,351.4,1675
952,351.6,1591
953,351.8,1588
954,352,1606
955,352.2,1569
956,352.5,1612
957,352.7,1600
958,352.9,1652
959,353.1,1679
960,353.4,1604
961,353.6,1614
962,353.8,1527
963,354,1551
964,354.3,1627
965,354.5,1599
966,354.7,1659
967,354.9,1659
968,355.2,1579
969,355.4,1539
970,355.6,1507
971,355.8,1544
972,356,1591
973,356.3,1579
974,356.5,1642
975,356.7,1592
976,356.9,1666
977,357.2,1629
978,357.4,1637
979,357.6,1629
980,357.8,1621
981,358.1,1605
982,358.3,1570
983,358.5,1635
984,358.7,1628
985,359,1617
986,359.2,1627
987,359.4,1621
988,359.6,1596
989,359.8,1611
990,360.1,1606
991,360.3,1557
992,360.5,1536
993,360.7,1560
994,361,1580
995,361.2,1621
996,361.4,1648
997,361.6,1645
998,361.9,1629
999,362.1,1568
1000,362.3,1591
1001,362.5,1613
1002,362.8,1671
1003,363,1645
1004,363.2,1583
1005,363.4,1665
1006,363.7,1675
1007,363.9,1681
1008,364.1,1669
1009,364.3,1631
1010,364.6,1622
1011,364.8,1607
1012,365,1561
1013,365.2,1614
1014,365.4,1608
1015,365.7,1555
1016,365.9,1562
1017,366.1,1552
1018,366.3,1613
1019,366.6,1631
1020,366.8,1686
1021,367,1594
1022,367.2,1591
1023,367.5,1664
1024,367.7,1614
1025,367.9,1648
1026,368.1,1661
1027,368.4,1649
1028,368.6,1707
1029,368.8,1679
1030,369,1627
1031,369.3,1589
1032,369.5,1629
1033,369.7,1649
1034,369.9,1623
1035,370.2,1579
1036,370.4,1583
1037,370.6,1571
1038,370.8,1659
1039,371.1,1689
1040,371.3,1686
1041,371.5,1631
1042,371.7,1696
1043,372,1669
1044,372.2,1652
1045,372.4,1643
1046,372.6,1588
1047,372.9,1593
1048,373.1,1621
1049,373.3,1572
1050,373.5,1527
1051,373.8,1532
1052,374,1569
1053,374.2,1573
1054,374.4,1540
1055,374.6,1616
1056,374.9,1669
1057,375.1,1652
1058,375.3,1645
1059,375.5,1693
1060,375.8,1685
1061,376,1681
1062,376.2,1635
1063,376.4,1600
1064,376.7,1607
1065,376.9,1597
1066,377.1,1658
1067,377.3,1672
1068,377.6,1660
1069,377.8,1658
1070,378,1664
1071,378.2,1739
1072,378.5,1706
1073,378.7,1633
1074,378.9,1681
1075,379.1,1704
1076,379.4,1663
1077,379.6,1644
1078,379.8,1605
1079,380,1618
1080,380.3,1620
1081,380.5,1620
1082,380.7,1663
1083,380.9,1685
1084,381.2,1685
1085,381.4,1596
1086,381.6,1625
1087,381.8,1615
1088,382.1,1561
1089,382.3,1579
1090,382.5,1523
1091,382.7,1537
1092,383,1570
1093,383.2,1633
1094,383.4,1693
1095,383.6,1599
1096,383.9,1585
1097,384.1,1559
1098,384.3,1592
1099,384.5,1595
1100,384.8,1641
1101,385,1608
1102,385.2,1575
1103,385.4,1577
1104,385.7,1651
1105,385.9,1664
1106,386.1,1708
1107,386.4,1653
1108,386.6,1666
1109,386.8,1595
1110,387,1559
1111,387.3,1612
1112,387.5,1662
1113,387.7,1607
1114,387.9,1629
1115,388.2,1650
1116,388.4,1664
1117,388.6,1670
1118,388.8,1597
1119,389.1,1577
1120,389.3,1597
1121,389.5,1663
1122,389.7,1635
1123,390,1642
1124,390.2,1572
1125,390.4,1572
1126,390.6,1607
1127,390.9,1660
1128,391.1,1675
1129,391.3,1621
1130,391.5,1602
1131,391.8,1599
1132,392,1581
1133,392.2,1606
1134,392.4,1596
1135,392.7,1613
1136,392.9,1607
1137,393.1,1563
1138,393.3,1607
1139,393.6,1573
1140,393.8,1667
1141,394,1654
1142,394.2,1675
1143,394.5,1664
1144,394.7,1614
1145,394.9,1617
1146,395.1,1582
1147,395.4,1583
1148,395.6,1607
1149,395.8,1621
1150,396.1,1630
1151,396.3,1658
1152,396.5,1664
1153,396.7,1643
1154,397,1657
1155,397.2,1646
1156,397.4,1617
1157,397.6,1615
1158,397.9,1648
1159,398.1,1635
1160,398.3,1633
1161,398.5,1564
1162,398.8,1615
1163,399,1651
1164,399.2,1587
1165,399.4,1615
1166,399.7,1684
1167,399.9,1718
1168,400.1,1668
1169,400.3,1712
1170,400.6,1693
1171,400.8,1657
1172,401,1563
1173,401.3,1519
1174,401.5,1638
1175,401.7,1666
1176,401.9,1693
1177,402.2,1686
1178,402.4,1673
1179,402.6,1619
1180,402.8,1607
1181,403.1,1633
1182,403.3,1667
1183,403.5,1660
1184,403.7,1677
1185,404,1649
1186,404.2,1603
1187,404.4,1659
1188,404.6,1652
1189,404.9,1682
1190,405.1,1721
1191,405.3,1731
1192,405.6,1738
1193,405.8,1680
1194,406,1634
1195,406.2,1650
1196,406.5,1655
1197,406.7,1701
1198,406.9,1734
1199,407.1,1742
1200,407.4,1687
1201,407.6,1665
1202,407.8,1606
1203,408,1685
1204,408.3,1744
1205,408.5,1748
1206,408.7,1755
1207,409,1775
1208,409.2,1711
1209,409.4,1686
1210,409.6,1658
1211,409.9,1666
1212,410.1,1633
1213,410.3,1678
1214,410.5,1733
1215,410.8,1737
1216,411,1757
1217,411.2,1714
1218,411.4,1764
1219,411.7,1798
1220,411.9,1743
1221,412.1,1793
1222,412.4,1769
1223,412.6,1791
1224,412.8,1833
1225,413,1798
1226,413.3,1808
1227,413.5,1800
1228,413.7,1792
1229,413.9,1799
1230,414.2,1831
1231,414.4,1859
1232,414.6,1916
1233,414.8,1909
1234,415.1,1889
1235,415.3,1827
1236,415.5,1757
1237,415.8,1792
1238,416,1849
1239,416.2,1907
1240,416.4,1945
1241,416.7,1928
1242,416.9,2020
1243,417.1,2091
1244,417.3,2095
1245,417.6,2097
1246,417.8,2078
1247,418,2125
1248,418.3,2153
1249,418.5,2164
1250,418.7,2113
1251,418.9,2211
1252,419.2,2209
1253,419.4,2238
1254,419.6,2266
1255,419.8,2227
1256,420.1,2311
1257,420.3,2318
1258,420.5,2264
1259,420.8,2338
1260,421,2349
1261,421.2,2455
1262,421.4,2457
1263,421.7,2566
1264,421.9,2605
1265,422.1,2667
1266,422.3,2680
1267,422.6,2761
1268,422.8,2770
1269,423,2820
1270,423.3,2861
1271,423.5,2892
1272,423.7,2993
1273,423.9,3053
1274,424.2,3052
1275,424.4,3121
1276,424.6,3137
1277,424.8,3194
1278,425.1,3292
1279,425.3,3377
1280,425.5,3477
1281,425.8,3596
1282,426,3683
1283,426.2,3713
1284,426.4,3813
1285,426.7,3929
1286,426.9,3938
1287,427.1,3922
1288,427.3,4075
1289,427.6,4205
1290,427.8,4319
1291,428,4434
1292,428.3,4592
1293,428.5,4719
1294,428.7,4791
1295,428.9,4882
1296,429.2,5029
1297,429.4,5186
1298,429.6,5412
1299,429.9,5495
1300,430.1,5680
1301,430.3,5773
1302,430.5,5970
1303,430.8,6147
1304,431,6375
1305,431.2,6566
1306,431.4,6839
1307,431.7,7104
1308,431.9,7223
1309,432.1,7437
1310,432.4,7622
1311,432.6,7793
1312,432.8,8063
1313,433,8323
1314,433.3,8617
1315,433.5,8897
1316,433.7,9147
1317,434,9445
1318,434.2,9821
1319,434.4,10067
1320,434.6,10448
1321,434.9,10747
1322,435.1,11051
1323,435.3,11473
1324,435.6,11855
1325,435.8,12236
1326,436,12451
1327,436.2,12772
1328,436.5,13205
1329,436.7,13501
1330,436.9,14053
1331,437.2,14533
1332,437.4,14976
1333,437.6,15571
1334,437.8,16220
1335,438.1,16605
1336,438.3,17153
1337,438.5,17600
1338,438.7,18068
1339,439,18807
1340,439.2,19478
1341,439.4,19813
1342,439.7,20458
1343,439.9,21172
1344,440.1,21807
1345,440.3,22661
1346,440.6,23403
1347,440.8,24353
1348,441,25058
1349,441.3,26008
1350,441.5,26914
1351,441.7,27829
1352,441.9,28706
1353,442.2,29597
1354,442.4,30629
1355,442.6,31601
1356,442.9,32714
1357,443.1,33879
1358,443.3,34663
1359,443.5,35693
1360,443.8,36609
1361,444,37752
1362,444.2,39139
1363,444.5,40233
1364,444.7,41520
1365,444.9,42610
1366,445.1,44111
1367,445.4,45320
1368,445.6,46364
1369,445.8,47402
1370,446.1,48743
1371,446.3,49866
1372,446.5,51118
1373,446.7,52200
1374,447,53154
1375,447.2,54274
1376,447.4,55433
1377,447.7,56355
1378,447.9,57570
1379,448.1,58486
1380,448.3,59682
1381,448.6,60542
1382,448.8,61336
1383,449,61920
1384,449.3,62726
1385,449.5,63398
1386,449.7,63661
1387,449.9,64218
1388,450.2,64434
1389,450.4,64957
1390,450.6,65478
1391,450.9,65535
1392,451.1,65535
1393,451.3,65535
1394,451.6,65535
1395,451.8,65535
1396,452,65531
1397,452.2,65302
1398,452.5,65227
1399,452.7,64686
1400,452.9,63962
1401,453.2,63322
1402,453.4,62674
1403,453.6,62112
1404,453.8,61301
1405,454.1,60833
1406,454.3,60198
1407,454.5,59327
1408,454.8,58416
1409,455,57530
1410,455.2,56515
1411,455.4,55651
1412,455.7,54868
1413,455.9,53931
1414,456.1,53160
1415,456.4,52378
1416,456.6,51418
1417,456.8,50399
1418,457,49631
1419,457.3,48702
1420,457.5,47842
1421,457.7,46952
1422,458,46358
1423,458.2,45504
1424,458.4,44742
1425,458.7,44141
1426,458.9,43551
1427,459.1,42825
1428,459.3,42069
1429,459.6,41421
1430,459.8,40869
1431,460,40195
1432,460.3,39748
1433,460.5,39043
1434,460.7,38458
1435,460.9,38013
1436,461.2,37466
1437,461.4,37053
1438,461.6,36739
1439,461.9,36422
1440,462.1,35904
1441,462.3,35431
1442,462.6,35026
1443,462.8,34828
1444,463,34572
1445,463.2,34188
1446,463.5,33948
1447,463.7,33809
1448,463.9,33387
1449,464.2,33115
1450,464.4,32591
1451,464.6,32394
1452,464.9,32025
1453,465.1,31538
1454,465.3,31180
1455,465.5,30944
1456,465.8,30711
1457,466,30360
1458,466.2,29846
1459,466.5,29281
1460,466.7,28913
1461,466.9,28618
1462,467.1,28345
1463,467.4,27845
1464,467.6,27518
1465,467.8,27115
1466,468.1,26775
1467,468.3,26389
1468,468.5,25921
1469,468.8,25747
1470,469,25317
1471,469.2,24986
1472,469.4,24627
1473,469.7,24236
1474,469.9,23593
1475,470.1,23189
1476,470.4,22870
1477,470.6,22489
1478,470.8,22109
1479,471.1,21729
1480,471.3,21384
1481,471.5,20917
1482,471.7,20656
1483,472,20362
1484,472.2,20045
1485,472.4,19802
1486,472.7,19580
1487,472.9,19242
1488,473.1,19121
1489,473.4,18715
1490,473.6,18576
1491,473.8,18338
1492,474,18084
1493,474.3,17885
1494,474.5,17588
1495,474.7,17428
1496,475,17170
1497,475.2,17059
1498,475.4,16887
1499,475.7,16742
1500,475.9,16578
1501,476.1,16376
1502,476.4,16151
1503,476.6,16046
1504,476.8,15836
1505,477,15689
1506,477.3,15644
1507,477.5,15460
1508,477.7,15373
1509,478,15304
1510,478.2,15225
1511,478.4,15108
1512,478.7,15114
1513,478.9,14933
1514,479.1,14913
1515,479.3,14733
1516,479.6,14724
1517,479.8,14549
1518,480,14695
1519,480.3,14597
1520,480.5,14425
1521,480.7,14363
1522,481,14369
1523,481.2,14371
1524,481.4,14243
1525,481.7,14293
1526,481.9,14378
1527,482.1,14385
1528,482.3,14152
1529,482.6,14145
1530,482.8,14128
1531,483,14077
1532,483.3,14159
1533,483.5,14253
1534,483.7,14317
1535,484,14269
1536,484.2,14285
1537,484.4,14287
1538,484.6,14225
1539,484.9,14119
1540,485.1,14127
1541,485.3,14205
1542,485.6,14332
1543,485.8,14305
1544,486,14330
1545,486.3,14244
1546,486.5,14218
1547,486.7,14228
1548,487,14194
1549,487.2,14162
1550,487.4,14220
1551,487.6,14218
1552,487.9,14423
1553,488.1,14501
1554,488.3,14474
1555,488.6,14416
1556,488.8,14551
1557,489,14664
1558,489.3,14641
1559,489.5,14707
1560,489.7,14742
1561,490,14757
1562,490.2,14765
1563,490.4,14846
1564,490.7,14915
1565,490.9,15000
1566,491.1,15009
1567,491.3,15130
1568,491.6,15194
1569,491.8,15152
1570,492,15269
1571,492.3,15381
1572,492.5,15495
1573,492.7,15594
1574,493,15745
1575,493.2,15933
1576,493.4,16284
1577,493.7,16483
1578,493.9,16458
1579,494.1,16417
1580,494.3,16525
1581,494.6,16651
1582,494.8,16732
1583,495,16946
1584,495.3,17069
1585,495.5,17087
1586,495.7,17211
1587,496,17553
1588,496.2,17588
1589,496.4,17701
1590,496.7,17754
1591,496.9,17705
1592,497.1,17844
1593,497.4,17893
1594,497.6,18027
1595,497.8,18166
1596,498.1,18353
1597,498.3,18374
1598,498.5,18363
1599,498.7,18501
1600,499,18625
1601,499.2,18703
1602,499.4,18869
1603,499.7,18981
1604,499.9,19122
1605,500.1,19396
1606,500.4,19588
1607,500.6,19725
1608,500.8,19991
1609,501.1,20105
1610,501.3,20257
1611,501.5,20423
1612,501.8,20403
1613,502,20569
1614,502.2,20738
1615,502.4,20862
1616,502.7,21043
1617,502.9,21371
1618,503.1,21329
1619,503.4,21446
1620,503.6,21670
1621,503.8,21761
1622,504.1,22034
1623,504.3,21972
1624,504.5,22164
1625,504.8,22116
1626,505,22420
1627,505.2,22442
1628,505.5,22715
1629,505.7,22837
1630,505.9,22889
1631,506.2,22953
1632,506.4,23173
1633,506.6,23556
1634,506.9,23663
1635,507.1,23657
1636,507.3,23740
1637,507.5,24171
1638,507.8,24147
1639,508,24311
1640,508.2,24537
1641,508.5,24751
1642,508.7,24782
1643,508.9,24883
1644,509.2,24974
1645,509.4,25216
1646,509.6,25431
1647,509.9,25491
1648,510.1,25622
1649,510.3,25939
1650,510.6,26115
1651,510.8,26372
1652,511,26613
1653,511.3,26637
1654,511.5,26913
1655,511.7,27192
1656,512,27509
1657,512.2,27415
1658,512.4,27689
1659,512.7,27759
1660,512.9,27988
1661,513.1,28134
1662,513.3,28355
1663,513.6,28412
1664,513.8,28580
1665,514,28857
1666,514.3,29052
1667,514.5,29322
1668,514.7,29549
1669,515,29757
1670,515.2,29937
1671,515.4,30187
1672,515.7,30530
1673,515.9,30739
1674,516.1,30926
1675,516.4,31232
1676,516.6,31608
1677,516.8,31845
1678,517.1,32191
1679,517.3,32474
1680,517.5,32399
1681,517.8,32548
1682,518,32934
1683,518.2,33098
1684,518.5,33206
1685,518.7,33383
1686,518.9,33685
1687,519.2,33770
1688,519.4,33969
1689,519.6,34270
1690,519.9,34305
1691,520.1,34139
1692,520.3,34405
1693,520.6,34732
1694,520.8,34846
1695,521,35157
1696,521.2,35327
1697,521.5,35376
1698,521.7,35547
1699,521.9,35609
1700,522.2,35790
1701,522.4,35917
1702,522.6,36004
1703,522.9,36119
1704,523.1,36354
1705,523.3,36367
1706,523.6,36713
1707,523.8,36800
1708,524,36732
1709,524.3,36854
1710,524.5,37061
1711,524.7,37091
1712,525,37380
1713,525.2,37640
1714,525.4,37854
1715,525.7,37935
1716,525.9,37713
1717,526.1,37638
1718,526.4,37816
1719,526.6,37893
1720,526.8,37811
1721,527.1,37889
1722,527.3,37970
1723,527.5,38029
1724,527.8,38214
1725,528,38340
1726,528.2,38660
1727,528.5,38550
1728,528.7,38571
1729,528.9,38637
1730,529.2,38875
1731,529.4,38886
1732,529.6,39121
1733,529.9,39045
1734,530.1,38961
1735,530.3,39075
1736,530.6,39149
1737,530.8,39380
1738,531,39226
1739,531.3,39239
1740,531.5,39413
1741,531.7,39343
1742,532,39339
1743,532.2,39210
1744,532.4,39282
1745,532.7,39507
1746,532.9,39554
1747,533.1,39618
1748,533.4,39805
1749,533.6,39668
1750,533.8,39692
1751,534.1,40041
1752,534.3,39890
1753,534.5,40035
1754,534.8,40121
1755,535,40036
1756,535.2,40171
1757,535.5,40159
1758,535.7,40250
1759,535.9,40137
1760,536.2,40235
1761,536.4,40435
1762,536.6,40633
1763,536.9,40645
1764,537.1,40583
1765,537.3,40599
1766,537.6,40491
1767,537.8,40336
1768,538,40465
1769,538.3,40505
1770,538.5,40330
1771,538.7,40165
1772,539,40220
1773,539.2,40010
1774,539.4,40056
1775,539.7,39960
1776,539.9,39946
1777,540.1,40049
1778,540.4,40050
1779,540.6,40139
1780,540.8,40286
1781,541.1,40372
1782,541.3,40188
1783,541.5,40291
1784,541.8,40312
1785,542,40461
1786,542.2,40448
1787,542.5,40234
1788,542.7,40248
1789,542.9,40063
1790,543.2,40053
1791,543.4,39998
1792,543.6,40041
1793,543.9,39992
1794,544.1,40232
1795,544.3,40244
1796,544.6,40069
1797,544.8,39988
1798,545,39930
1799,545.3,39961
1800,545.5,39930
1801,545.7,39875
1802,546,39614
1803,546.2,39520
1804,546.4,39447
1805,546.7,39381
1806,546.9,39542
1807,547.1,39382
1808,547.4,39432
1809,547.6,39482
1810,547.8,39610
1811,548.1,39933
1812,548.3,39901
1813,548.5,39862
1814,548.8,39943
1815,549,39698
1816,549.2,39629
1817,549.5,39773
1818,549.7,39814
1819,549.9,39742
1820,550.2,39702
1821,550.4,39724
1822,550.6,39857
1823,550.9,39746
1824,551.1,39646
1825,551.3,39717
1826,551.6,39930
1827,551.8,39769
1828,552,39894
1829,552.3,39836
1830,552.5,39605
1831,552.8,39755
1832,553,39822
1833,553.2,39993
1834,553.5,39934
1835,553.7,40005
1836,553.9,40020
1837,554.2,39998
1838,554.4,39999
1839,554.6,39998
1840,554.9,39962
1841,555.1,40009
1842,555.3,40062
1843,555.6,40084
1844,555.8,40259
1845,556,40191
1846,556.3,40361
1847,556.5,40306
1848,556.7,40308
1849,557,40251
1850,557.2,40096
1851,557.4,40049
1852,557.7,40335
1853,557.9,40296
1854,558.1,40400
1855,558.4,40577
1856,558.6,40792
1857,558.8,40626
1858,559.1,40722
1859,559.3,41081
1860,559.5,41101
1861,559.8,40995
1862,560,41059
1863,560.2,40994
1864,560.5,40974
1865,560.7,41168
1866,561,41314
1867,561.2,41291
1868,561.4,41183
1869,561.7,41115
1870,561.9,41104
1871,562.1,40979
1872,562.4,40919
1873,562.6,41081
1874,562.8,41299
1875,563.1,41326
1876,563.3,41553
1877,563.5,41728
1878,563.8,41760
1879,564,41787
1880,564.2,41742
1881,564.5,41910
1882,564.7,41929
1883,564.9,41831
1884,565.2,41792
1885,565.4,42027
1886,565.6,41790
1887,565.9,41622
1888,566.1,41579
1889,566.3,41522
1890,566.6,41670
1891,566.8,41485
1892,567.1,41719
1893,567.3,41520
1894,567.5,41525
1895,567.8,41578
1896,568,41996
1897,568.2,42073
1898,568.5,42160
1899,568.7,42234
1900,568.9,42168
1901,569.2,41967
1902,569.4,41998
1903,569.6,42178
1904,569.9,42086
1905,570.1,42014
1906,570.3,41949
1907,570.6,41934
1908,570.8,42192
1909,571,42210
1910,571.3,42061
1911,571.5,41879
1912,571.7,41788
1913,572,41904
1914,572.2,41856
1915,572.5,41771
1916,572.7,41848
1917,572.9,41837
1918,573.2,41971
1919,573.4,41958
1920,573.6,41818
1921,573.9,41790
1922,574.1,41841
1923,574.3,41510
1924,574.6,41419
1925,574.8,41527
1926,575,41431
1927,575.3,41419
1928,575.5,41485
1929,575.7,41212
1930,576,41140
1931,576.2,41298
1932,576.5,41183
1933,576.7,41190
1934,576.9,41029
1935,577.2,40960
1936,577.4,40985
1937,577.6,40888
1938,577.9,40715
1939,578.1,40611
1940,578.3,40603
1941,578.6,40552
1942,578.8,40509
1943,579,40654
1944,579.3,40767
1945,579.5,40566
1946,579.7,40501
1947,580,40158
1948,580.2,39939
1949,580.5,40058
1950,580.7,40098
1951,580.9,39946
1952,581.2,40055
1953,581.4,39827
1954,581.6,39721
1955,581.9,39373
1956,582.1,39229
1957,582.3,39092
1958,582.6,39001
1959,582.8,39122
1960,583,39109
1961,583.3,39007
1962,583.5,38810
1963,583.8,38649
1964,584,38711
1965,584.2,38443
1966,584.5,38401
1967,584.7,38177
1968,584.9,38181
1969,585.2,38134
1970,585.4,38086
1971,585.6,37947
1972,585.9,37816
1973,586.1,37678
1974,586.3,37362
1975,586.6,37322
1976,586.8,37297
1977,587,37085
1978,587.3,37092
1979,587.5,36951
1980,587.8,37002
1981,588,36778
1982,588.2,36732
1983,588.5,36439
1984,588.7,36356
1985,588.9,36281
1986,589.2,36179
1987,589.4,35917
1988,589.6,35859
1989,589.9,35973
1990,590.1,35764
1991,590.4,35764
1992,590.6,35683
1993,590.8,35900
1994,591.1,35669
1995,591.3,35505
1996,591.5,35268
1997,591.8,34940
1998,592,35118
1999,592.2,35012
2000,592.5,34752
2001,592.7,34557
2002,592.9,34497
2003,593.2,34569
2004,593.4,34359
2005,593.7,34271
2006,593.9,34258
2007,594.1,34395
2008,594.4,34320
2009,594.6,33953
2010,594.8,33799
2011,595.1,33454
2012,595.3,33325
2013,595.5,33509
2014,595.8,33658
2015,596,33344
2016,596.3,33281
2017,596.5,33287
2018,596.7,33046
2019,597,32978
2020,597.2,32833
2021,597.4,32765
2022,597.7,32800
2023,597.9,32835
2024,598.1,32616
2025,598.4,32403
2026,598.6,32246
2027,598.8,32201
2028,599.1,32293
2029,599.3,32110
2030,599.6,31811
2031,599.8,31830
2032,600,31735
2033,600.3,31623
2034,600.5,31691
2035,600.7,31326
2036,601,31211
2037,601.2,31091
2038,601.4,31167
2039,601.7,31184
2040,601.9,31064
2041,602.2,30958
2042,602.4,30815
2043,602.6,30518
2044,602.9,30391
2045,603.1,30282
2046,603.3,30173
2047,603.6,30212
2048,603.8,29893
2049,604.1,30129
2050,604.3,30035
2051,604.5,29848
2052,604.8,29599
2053,605,29506
2054,605.2,29505
2055,605.5,29621
2056,605.7,29535
2057,605.9,29565
2058,606.2,29431
2059,606.4,29264
2060,606.7,29112
2061,606.9,28938
2062,607.1,28872
2063,607.4,28715
2064,607.6,28624
2065,607.8,28453
2066,608.1,28236
2067,608.3,28361
2068,608.5,28436
2069,608.8,28327
2070,609,28139
2071,609.3,27955
2072,609.5,27741
2073,609.7,27718
2074,610,27526
2075,610.2,27418
2076,610.4,27359
2077,610.7,27192
2078,610.9,27143
2079,611.2,27125
2080,611.4,26888
2081,611.6,26592
2082,611.9,26499
2083,612.1,26471
2084,612.3,26364
2085,612.6,26303
2086,612.8,26167
2087,613,25948
2088,613.3,25575
2089,613.5,25577
2090,613.8,25439
2091,614,25299
2092,614.2,25281
2093,614.5,24924
2094,614.7,24747
2095,614.9,24726
2096,615.2,24615
2097,615.4,24515
2098,615.7,24512
2099,615.9,24363
2100,616.1,24307
2101,616.4,24138
2102,616.6,23943
2103,616.8,23787
2104,617.1,23764
2105,617.3,23648
2106,617.5,23508
2107,617.8,23404
2108,618,23492
2109,618.3,23255
2110,618.5,23108
2111,618.7,22990
2112,619,22879
2113,619.2,22698
2114,619.4,22487
2115,619.7,22203
2116,619.9,22214
2117,620.2,22144
2118,620.4,22087
2119,620.6,21935
2120,620.9,21924
2121,621.1,21631
2122,621.3,21501
2123,621.6,21370
2124,621.8,21158
2125,622.1,21079
2126,622.3,21029
2127,622.5,20973
2128,622.8,20723
2129,623,20493
2130,623.2,20269
2131,623.5,20267
2132,623.7,20048
2133,624,19997
2134,624.2,19672
2135,624.4,19759
2136,624.7,19747
2137,624.9,19661
2138,625.1,19345
2139,625.4,19293
2140,625.6,19195
2141,625.9,19301
2142,626.1,19059
2143,626.3,18915
2144,626.6,18732
2145,626.8,18587
2146,627,18549
2147,627.3,18367
2148,627.5,18165
2149,627.8,18129
2150,628,17988
2151,628.2,17960
2152,628.5,17808
2153,628.7,17715
2154,628.9,17571
2155,629.2,17487
2156,629.4,17541
2157,629.7,17371
2158,629.9,17312
2159,630.1,17199
2160,630.4,17111
2161,630.6,17011
2162,630.8,16736
2163,631.1,16591
2164,631.3,16430
2165,631.6,16384
2166,631.8,16244
2167,632,16121
2168,632.3,16078
2169,632.5,15956
2170,632.7,15951
2171,633,15855
2172,633.2,15709
2173,633.5,15637
2174,633.7,15679
2175,633.9,15513
2176,634.2,15430
2177,634.4,15322
2178,634.6,15297
2179,634.9,15244
2180,635.1,15211
2181,635.4,15207
2182,635.6,14969
2183,635.8,14840
2184,636.1,14808
2185,636.3,14763
2186,636.6,14813
2187,636.8,14797
2188,637,14706
2189,637.3,14578
2190,637.5,14617
2191,637.7,14417
2192,638,14511
2193,638.2,14509
2194,638.5,14403
2195,638.7,14325
2196,638.9,14248
2197,639.2,14288
2198,639.4,14246
2199,639.6,14153
2200,639.9,14063
2201,640.1,14113
2202,640.4,14100
2203,640.6,14017
2204,640.8,14034
2205,641.1,13874
2206,641.3,13852
2207,641.6,13999
2208,641.8,13871
2209,642,13755
2210,642.3,13719
2211,642.5,13715
2212,642.7,13623
2213,643,13509
2214,643.2,13468
2215,643.5,13188
2216,643.7,13139
2217,643.9,13178
2218,644.2,13240
2219,644.4,13045
2220,644.7,13062
2221,644.9,12986
2222,645.1,12846
2223,645.4,12771
2224,645.6,12610
2225,645.8,12412
2226,646.1,12282
2227,646.3,12231
2228,646.6,12216
2229,646.8,12167
2230,647,12134
2231,647.3,11979
2232,647.5,11912
2233,647.7,11813
2234,648,11683
2235,648.2,11675
2236,648.5,11524
2237,648.7,11264
2238,648.9,11314
2239,649.2,11076
2240,649.4,11064
2241,649.7,10943
2242,649.9,10852
2243,650.1,10822
2244,650.4,10753
2245,650.6,10716
2246,650.9,10624
2247,651.1,10558
2248,651.3,10581
2249,651.6,10521
2250,651.8,10478
2251,652,10259
2252,652.3,10225
2253,652.5,10212
2254,652.8,10063
2255,653,9867
2256,653.2,9726
2257,653.5,9629
2258,653.7,9546
2259,654,9530
2260,654.2,9457
2261,654.4,9372
2262,654.7,9289
2263,654.9,9366
2264,655.1,9294
2265,655.4,9140
2266,655.6,9081
2267,655.9,9014
2268,656.1,9005
2269,656.3,8843
2270,656.6,8801
2271,656.8,8733
2272,657.1,8549
2273,657.3,8465
2274,657.5,8367
2275,657.8,8317
2276,658,8229
2277,658.3,8169
2278,658.5,8123
2279,658.7,8101
2280,659,7949
2281,659.2,7932
2282,659.4,7846
2283,659.7,7761
2284,659.9,7675
2285,660.2,7676
2286,660.4,7713
2287,660.6,7605
2288,660.9,7554
2289,661.1,7528
2290,661.4,7493
2291,661.6,7408
2292,661.8,7390
2293,662.1,7337
2294,662.3,7300
2295,662.6,7172
2296,662.8,7120
2297,663,7105
2298,663.3,7121
2299,663.5,7101
2300,663.7,7031
2301,664,6949
2302,664.2,6977
2303,664.5,6884
2304,664.7,6757
2305,664.9,6721
2306,665.2,6607
2307,665.4,6471
2308,665.7,6346
2309,665.9,6314
2310,666.1,6363
2311,666.4,6259
2312,666.6,6297
2313,666.9,6216
2314,667.1,6203
2315,667.3,6260
2316,667.6,6127
2317,667.8,6032
2318,668.1,5911
2319,668.3,5945
2320,668.5,5884
2321,668.8,5943
2322,669,5829
2323,669.3,5720
2324,669.5,5719
2325,669.7,5747
2326,670,5655
2327,670.2,5705
2328,670.4,5661
2329,670.7,5639
2330,670.9,5588
2331,671.2,5633
2332,671.4,5623
2333,671.6,5514
2334,671.9,5351
2335,672.1,5341
2336,672.4,5344
2337,672.6,5287
2338,672.8,5383
2339,673.1,5276
2340,673.3,5257
2341,673.6,5249
2342,673.8,5191
2343,674,5206
2344,674.3,5245
2345,674.5,5135
2346,674.8,5026
2347,675,4981
2348,675.2,4905
2349,675.5,4909
2350,675.7,4828
2351,676,4819
2352,676.2,4801
2353,676.4,4750
2354,676.7,4771
2355,676.9,4732
2356,677.2,4685
2357,677.4,4641
2358,677.6,4575
2359,677.9,4598
2360,678.1,4593
2361,678.4,4537
2362,678.6,4500
2363,678.8,4461
2364,679.1,4474
2365,679.3,4429
2366,679.6,4447
2367,679.8,4373
2368,680,4386
2369,680.3,4339
2370,680.5,4309
2371,680.8,4244
2372,681,4172
2373,681.2,4179
2374,681.5,4280
2375,681.7,4252
2376,682,4256
2377,682.2,4194
2378,682.4,4178
2379,682.7,4031
2380,682.9,4025
2381,683.2,4075
2382,683.4,4069
2383,683.6,4044
2384,683.9,3967
2385,684.1,3931
2386,684.4,3980
2387,684.6,3926
2388,684.8,3959
2389,685.1,3954
2390,685.3,3935
2391,685.6,3795
2392,685.8,3851
2393,686,3922
2394,686.3,3919
2395,686.5,3878
2396,686.8,3854
2397,687,3818
2398,687.2,3760
2399,687.5,3771
2400,687.7,3701
2401,688,3684
2402,688.2,3651
2403,688.4,3689
2404,688.7,3725
2405,688.9,3729
2406,689.2,3711
2407,689.4,3687
2408,689.6,3659
2409,689.9,3693
2410,690.1,3623
2411,690.4,3639
2412,690.6,3611
2413,690.8,3565
2414,691.1,3454
2415,691.3,3465
2416,691.6,3474
2417,691.8,3510
2418,692,3420
2419,692.3,3453
2420,692.5,3457
2421,692.8,3495
2422,693,3497
2423,693.2,3484
2424,693.5,3503
2425,693.7,3499
2426,694,3501
2427,694.2,3371
2428,694.4,3320
2429,694.7,3369
2430,694.9,3411
2431,695.2,3460
2432,695.4,3472
2433,695.6,3436
2434,695.9,3399
2435,696.1,3326
2436,696.4,3409
2437,696.6,3415
2438,696.8,3405
2439,697.1,3412
2440,697.3,3460
2441,697.6,3478
2442,697.8,3405
2443,698.1,3314
2444,698.3,3316
2445,698.5,3342
2446,698.8,3350
2447,699,3382
2448,699.3,3400
2449,699.5,3411
2450,699.7,3397
2451,700,3387
2452,700.2,3385
2453,700.5,3442
2454,700.7,3443
2455,700.9,3457
2456,701.2,3472
2457,701.4,3427
2458,701.7,3339
2459,701.9,3345
2460,702.1,3317
2461,702.4,3397
2462,702.6,3357
2463,702.9,3429
2464,703.1,3485
2465,703.3,3490
2466,703.6,3457
2467,703.8,3518
2468,704.1,3561
2469,704.3,3486
2470,704.6,3493
2471,704.8,3523
2472,705,3529
2473,705.3,3523
2474,705.5,3605
2475,705.8,3541
2476,706,3483
2477,706.2,3521
2478,706.5,3624
2479,706.7,3562
2480,707,3663
2481,707.2,3709
2482,707.4,3712
2483,707.7,3707
2484,707.9,3676
2485,708.2,3635
2486,708.4,3673
2487,708.6,3671
2488,708.9,3685
2489,709.1,3735
2490,709.4,3733
2491,709.6,3769
2492,709.9,3794
2493,710.1,3841
2494,710.3,3898
2495,710.6,3873
2496,710.8,3809
2497,711.1,3812
2498,711.3,3903
2499,711.5,3991
2500,711.8,3971
2501,712,3979
2502,712.3,3995
2503,712.5,4020
2504,712.7,4059
2505,713,4074
2506,713.2,4058
2507,713.5,4059
2508,713.7,4059
2509,714,4028
2510,714.2,4133
2511,714.4,4157
2512,714.7,4119
2513,714.9,4225
2514,715.2,4333
2515,715.4,4239
2516,715.6,4271
2517,715.9,4266
2518,716.1,4363
2519,716.4,4408
2520,716.6,4417
2521,716.8,4441
2522,717.1,4441
2523,717.3,4422
2524,717.6,4459
2525,717.8,4474
2526,718.1,4491
2527,718.3,4570
2528,718.5,4593
2529,718.8,4620
2530,719,4604
2531,719.3,4681
2532,719.5,4734
2533,719.7,4797
2534,720,4766
2535,720.2,4825
2536,720.5,4840
2537,720.7,4880
2538,721,4991
2539,721.2,4965
2540,721.4,5008
2541,721.7,5050
2542,721.9,5038
2543,722.2,5121
2544,722.4,5163
2545,722.6,5083
2546,722.9,5145
2547,723.1,5245
2548,723.4,5239
2549,723.6,5349
2550,723.9,5359
2551,724.1,5370
2552,724.3,5439
2553,724.6,5455
2554,724.8,5551
2555,725.1,5552
2556,725.3,5502
2557,725.5,5632
2558,725.8,5742
2559,726,5659
2560,726.3,5727
2561,726.5,5854
2562,726.8,5913
2563,727,5893
2564,727.2,5835
2565,727.5,5904
2566,727.7,5911
2567,728,5961
2568,728.2,6019
2569,728.4,5961
2570,728.7,6022
2571,728.9,6064
2572,729.2,6117
2573,729.4,6226
2574,729.7,6337
2575,729.9,6462
2576,730.1,6571
2577,730.4,6669
2578,730.6,6685
2579,730.9,6810
2580,731.1,6727
2581,731.3,6657
2582,731.6,6784
2583,731.8,6847
2584,732.1,6937
2585,732.3,7048
2586,732.6,7043
2587,732.8,7065
2588,733,7109
2589,733.3,7289
2590,733.5,7275
2591,733.8,7415
2592,734,7469
2593,734.3,7648
2594,734.5,7757
2595,734.7,7776
2596,735,7904
2597,735.2,7835
2598,735.5,7896
2599,735.7,7943
2600,735.9,8114
2601,736.2,8071
2602,736.4,8221
2603,736.7,8328
2604,736.9,8378
2605,737.2,8520
2606,737.4,8581
2607,737.6,8663
2608,737.9,8679
2609,738.1,8823
2610,738.4,8948
2611,738.6,9161
2612,738.9,9329
2613,739.1,9389
2614,739.3,9534
2615,739.6,9649
2616,739.8,9692
2617,740.1,9720
2618,740.3,9841
2619,740.5,9949
2620,740.8,10007
2621,741,10109
2622,741.3,10246
2623,741.5,10353
2624,741.8,10485
2625,742,10725
2626,742.2,10903
2627,742.5,11058
2628,742.7,11276
2629,743,11363
2630,743.2,11444
2631,743.5,11711
2632,743.7,11813
2633,743.9,12124
2634,744.2,12173
2635,744.4,12277
2636,744.7,12511
2637,744.9,12701
2638,745.2,12854
2639,745.4,13059
2640,745.6,13191
2641,745.9,13267
2642,746.1,13516
2643,746.4,13659
2644,746.6,13914
2645,746.8,14169
2646,747.1,14425
2647,747.3,14598
2648,747.6,14840
2649,747.8,14881
2650,748.1,15046
2651,748.3,15287
2652,748.5,15476
2653,748.8,15634
2654,749,15837
2655,749.3,16065
2656,749.5,16267
2657,749.8,16427
2658,750,16537
2659,750.2,16796
2660,750.5,16985
2661,750.7,17106
2662,751,17286
2663,751.2,17465
2664,751.5,17693
2665,751.7,17996
2666,751.9,18072
2667,752.2,18227
2668,752.4,18369
2669,752.7,18554
2670,752.9,18620
2671,753.2,18603
2672,753.4,18884
2673,753.6,18886
2674,753.9,18913
2675,754.1,19050
2676,754.4,19114
2677,754.6,19269
2678,754.9,19204
2679,755.1,19349
2680,755.3,19351
2681,755.6,19268
2682,755.8,19434
2683,756.1,19507
2684,756.3,19270
2685,756.6,19103
2686,756.8,18965
2687,757,18794
2688,757.3,18748
2689,757.5,18705
2690,757.8,18736
2691,758,18496
2692,758.3,18247
2693,758.5,18140
2694,758.7,17977
2695,759,17874
2696,759.2,17624
2697,759.5,17488
2698,759.7,17279
2699,760,17138
2700,760.2,16913
2701,760.4,16800
2702,760.7,16767
2703,760.9,16517
2704,761.2,16200
2705,761.4,15893
2706,761.7,15592
2707,761.9,15455
2708,762.1,15203
2709,762.4,14967
2710,762.6,14707
2711,762.9,14621
2712,763.1,14139
2713,763.4,13930
2714,763.6,13573
2715,763.9,13382
2716,764.1,13226
2717,764.3,12904
2718,764.6,12684
2719,764.8,12431
2720,765.1,12128
2721,765.3,11900
2722,765.6,11677
2723,765.8,11558
2724,766,11222
2725,766.3,10956
2726,766.5,10803
2727,766.8,10645
2728,767,10344
2729,767.3,10026
2730,767.5,9794
2731,767.7,9614
2732,768,9520
2733,768.2,9221
2734,768.5,9155
2735,768.7,8965
2736,769,8721
2737,769.2,8483
2738,769.4,8269
2739,769.7,7988
2740,769.9,7821
2741,770.2,7679
2742,770.4,7523
2743,770.7,7311
2744,770.9,7138
2745,771.2,6894
2746,771.4,6751
2747,771.6,6649
2748,771.9,6499
2749,772.1,6378
2750,772.4,6213
2751,772.6,6079
2752,772.9,5904
2753,773.1,5793
2754,773.3,5670
2755,773.6,5502
2756,773.8,5344
2757,774.1,5238
2758,774.3,5213
2759,774.6,5143
2760,774.8,4912
2761,775,4909
2762,775.3,4859
2763,775.5,4608
2764,775.8,4537
2765,776,4305
2766,776.3,4285
2767,776.5,4196
2768,776.8,4084
2769,777,4064
2770,777.2,4027
2771,777.5,3984
2772,777.7,3873
2773,778,3825
2774,778.2,3778
2775,778.5,3685
2776,778.7,3595
2777,778.9,3619
2778,779.2,3578
2779,779.4,3536
2780,779.7,3453
2781,779.9,3417
2782,780.2,3420
2783,780.4,3325
2784,780.7,3258
2785,780.9,3197
2786,781.1,3216
2787,781.4,3134
2788,781.6,3087
2789,781.9,3125
2790,782.1,3063
2791,782.4,2979
2792,782.6,2971
2793,782.8,2922
2794,783.1,2896
2795,783.3,2902
2796,783.6,2784
2797,783.8,2723
2798,784.1,2678
2799,784.3,2668
2800,784.6,2703
2801,784.8,2692
2802,785,2692
2803,785.3,2679
2804,785.5,2659
2805,785.8,2687
2806,786,2657
2807,786.3,2653
2808,786.5,2601
2809,786.8,2622
2810,787,2615
2811,787.2,2551
2812,787.5,2517
2813,787.7,2515
2814,788,2606
2815,788.2,2604
2816,788.5,2573
2817,788.7,2481
2818,788.9,2425
2819,789.2,2469
2820,789.4,2465
2821,789.7,2509
2822,789.9,2458
2823,790.2,2345
2824,790.4,2357
2825,790.7,2391
2826,790.9,2396
2827,791.1,2410
2828,791.4,2400
2829,791.6,2355
2830,791.9,2354
2831,792.1,2289
2832,792.4,2245
2833,792.6,2229
2834,792.9,2272
2835,793.1,2353
2836,793.3,2391
2837,793.6,2358
2838,793.8,2349
2839,794.1,2388
2840,794.3,2360
2841,794.6,2351
2842,794.8,2333
2843,795.1,2377
2844,795.3,2340
2845,795.5,2293
2846,795.8,2248
2847,796,2214
2848,796.3,2305
2849,796.5,2351
2850,796.8,2359
2851,797,2354
2852,797.3,2289
2853,797.5,2266
2854,797.7,2275
2855,798,2286
2856,798.2,2307
2857,798.5,2293
2858,798.7,2391
2859,799,2402
2860,799.2,2351
2861,799.5,2311
2862,799.7,2316
2863,799.9,2350
2864,800.2,2363
2865,800.4,2375
2866,800.7,2333
2867,800.9,2281
2868,801.2,2264
2869,801.4,2293
2870,801.7,2316
2871,801.9,2351
2872,802.1,2257
2873,802.4,2329
2874,802.6,2371
2875,802.9,2393
2876,803.1,2405
2877,803.4,2353
2878,803.6,2342
2879,803.9,2357
2880,804.1,2409
2881,804.3,2389
2882,804.6,2345
2883,804.8,2424
2884,805.1,2359
2885,805.3,2430
2886,805.6,2425
2887,805.8,2429
2888,806.1,2471
2889,806.3,2462
2890,806.6,2453
2891,806.8,2409
2892,807,2359
2893,807.3,2416
2894,807.5,2517
2895,807.8,2501
2896,808,2544
2897,808.3,2511
2898,808.5,2546
2899,808.8,2509
2900,809,2519
2901,809.2,2567
2902,809.5,2509
2903,809.7,2530
2904,810,2582
2905,810.2,2588
2906,810.5,2516
2907,810.7,2620
2908,811,2651
2909,811.2,2627
2910,811.4,2623
2911,811.7,2566
2912,811.9,2560
2913,812.2,2619
2914,812.4,2672
2915,812.7,2660
2916,812.9,2615
2917,813.2,2642
2918,813.4,2601
2919,813.7,2615
2920,813.9,2690
2921,814.1,2710
2922,814.4,2760
2923,814.6,2823
2924,814.9,2845
2925,815.1,2889
2926,815.4,2900
2927,815.6,2818
2928,815.9,2815
2929,816.1,2806
2930,816.3,2886
2931,816.6,2884
2932,816.8,2911
2933,817.1,2906
2934,817.3,2937
2935,817.6,2965
2936,817.8,2985
2937,818.1,2978
2938,818.3,3019
2939,818.6,3015
2940,818.8,3012
2941,819,3065
2942,819.3,3077
2943,819.5,3067
2944,819.8,3099
2945,820,3103
2946,820.3,3115
2947,820.5,3148
2948,820.8,3142
2949,821,3171
2950,821.3,3211
2951,821.5,3233
2952,821.7,3326
2953,822,3361
2954,822.2,3341
2955,822.5,3321
2956,822.7,3345
2957,823,3328
2958,823.2,3356
2959,823.5,3400
2960,823.7,3452
2961,824,3531
2962,824.2,3551
2963,824.4,3520
2964,824.7,3532
2965,824.9,3580
2966,825.2,3468
2967,825.4,3464
2968,825.7,3505
2969,825.9,3575
2970,826.2,3618
2971,826.4,3641
2972,826.7,3657
2973,826.9,3691
2974,827.1,3782
2975,827.4,3840
2976,827.6,3783
2977,827.9,3763
2978,828.1,3757
2979,828.4,3828
2980,828.6,3822
2981,828.9,3911
2982,829.1,3947
2983,829.4,4010
2984,829.6,4110
2985,829.8,4159
2986,830.1,4202
2987,830.3,4269
2988,830.6,4245
2989,830.8,4208
2990,831.1,4223
2991,831.3,4221
2992,831.6,4222
2993,831.8,4297
2994,832.1,4316
2995,832.3,4411
2996,832.5,4502
2997,832.8,4520
2998,833,4472
2999,833.3,4500
3000,833.5,4588
3001,833.8,4635
3002,834,4554
3003,834.3,4555
3004,834.5,4487
3005,834.8,4558
3006,835,4609
3007,835.3,4732
3008,835.5,4713
3009,835.7,4763
3010,836,4782
3011,836.2,4768
3012,836.5,4817
3013,836.7,4849
3014,837,4877
3015,837.2,4888
3016,837.5,4880
3017,837.7,4829
3018,838,4863
3019,838.2,4929
3020,838.4,5040
3021,838.7,5151
3022,838.9,5151
3023,839.2,5111
3024,839.4,5089
3025,839.7,5111
3026,839.9,5157
3027,840.2,5141
3028,840.4,5132
3029,840.7,5177
3030,840.9,5286
3031,841.2,5264
3032,841.4,5300
3033,841.6,5352
3034,841.9,5383
3035,842.1,5401
3036,842.4,5364
3037,842.6,5302
3038,842.9,5319
3039,843.1,5434
3040,843.4,5372
3041,843.6,5335
3042,843.9,5333
3043,844.1,5358
3044,844.4,5348
3045,844.6,5411
3046,844.8,5477
3047,845.1,5534
3048,845.3,5562
3049,845.6,5505
3050,845.8,5469
3051,846.1,5469
3052,846.3,5455
3053,846.6,5392
3054,846.8,5368
3055,847.1,5399
3056,847.3,5430
3057,847.6,5441
3058,847.8,5361
3059,848,5319
3060,848.3,5309
3061,848.5,5225
3062,848.8,5227
3063,849,5175
3064,849.3,5111
3065,849.5,5052
3066,849.8,5045
3067,850,5005
3068,850.3,5013
3069,850.5,5031
3070,850.8,4979
3071,851,4911
3072,851.2,4860
3073,851.5,4777
3074,851.7,4705
3075,852,4625
3076,852.2,4608
3077,852.5,4625
3078,852.7,4656
3079,853,4559
3080,853.2,4577
3081,853.5,4655
3082,853.7,4517
3083,854,4423
3084,854.2,4388
3085,854.5,4287
3086,854.7,4279
3087,854.9,4143
3088,855.2,4116
3089,855.4,4007
3090,855.7,4005
3091,855.9,4035
3092,856.2,4009
3093,856.4,3995
3094,856.7,3977
3095,856.9,4001
3096,857.2,4008
3097,857.4,3884
3098,857.7,3789
3099,857.9,3778
3100,858.1,3714
3101,858.4,3669
3102,858.6,3555
3103,858.9,3493
3104,859.1,3435
3105,859.4,3382
3106,859.6,3437
3107,859.9,3379
3108,860.1,3267
3109,860.4,3185
3110,860.6,3146
3111,860.9,3121
3112,861.1,3151
3113,861.4,3093
3114,861.6,3006
3115,861.8,3012
3116,862.1,3053
3117,862.3,2949
3118,862.6,2893
3119,862.8,2817
3120,863.1,2795
3121,863.3,2790
3122,863.6,2771
3123,863.8,2745
3124,864.1,2772
3125,864.3,2687
3126,864.6,2699
3127,864.8,2663
3128,865.1,2641
3129,865.3,2551
3130,865.6,2504
3131,865.8,2491
3132,866,2407
3133,866.3,2408
3134,866.5,2386
3135,866.8,2441
3136,867,2411
3137,867.3,2421
3138,867.5,2412
3139,867.8,2358
3140,868,2313
3141,868.3,2246
3142,868.5,2182
3143,868.8,2163
3144,869,2114
3145,869.3,2215
3146,869.5,2217
3147,869.7,2215
3148,870,2195
3149,870.2,2190
3150,870.5,2143
3151,870.7,2174
3152,871,2114
3153,871.2,2103
3154,871.5,2059
3155,871.7,2010
3156,872,2016
3157,872.2,2049
3158,872.5,2043
3159,872.7,2016
3160,873,2002
3161,873.2,1985
3162,873.5,1991
3163,873.7,1926
3164,873.9,1921
3165,874.2,1900
3166,874.4,1924
3167,874.7,1912
3168,874.9,1921
3169,875.2,1899
3170,875.4,1897
3171,875.7,1837
3172,875.9,1879
3173,876.2,1844
3174,876.4,1832
3175,876.7,1811
3176,876.9,1792
3177,877.2,1865
3178,877.4,1810
3179,877.7,1730
3180,877.9,1731
3181,878.2,1716
3182,878.4,1725
3183,878.6,1764
3184,878.9,1748
3185,879.1,1764
3186,879.4,1779
3187,879.6,1785
3188,879.9,1761
3189,880.1,1721
3190,880.4,1775
3191,880.6,1765
3192,880.9,1800
3193,881.1,1767
3194,881.4,1774
3195,881.6,1787
3196,881.9,1768
3197,882.1,1697
3198,882.4,1681
3199,882.6,1750
3200,882.9,1775
3201,883.1,1690
3202,883.3,1688
3203,883.6,1724
3204,883.8,1710
3205,884.1,1685
3206,884.3,1661
3207,884.6,1645
3208,884.8,1598
3209,885.1,1614
3210,885.3,1685
3211,885.6,1659
3212,885.8,1632
3213,886.1,1584
3214,886.3,1557
3215,886.6,1555
3216,886.8,1584
3217,887.1,1531
3218,887.3,1612
3219,887.6,1633
3220,887.8,1661
3221,888,1665
3222,888.3,1698
3223,888.5,1637
3224,888.8,1617
3225,889,1623
3226,889.3,1639
3227,889.5,1598
3228,889.8,1613
3229,890,1621
3230,890.3,1618
3231,890.5,1621
3232,890.8,1617
3233,891,1582
3234,891.3,1591
3235,891.5,1581
3236,891.8,1598
3237,892,1590
3238,892.3,1565
3239,892.5,1600
3240,892.8,1672
3241,893,1657
3242,893.3,1645
3243,893.5,1609
3244,893.7,1621
3245,894,1625
3246,894.2,1568
3247,894.5,1579
3248,894.7,1549
3249,895,1520
3250,895.2,1536
3251,895.5,1549
3252,895.7,1546
3253,896,1511
3254,896.2,1536
3255,896.5,1626
3256,896.7,1635
3257,897,1675
3258,897.2,1633
3259,897.5,1613
3260,897.7,1621
3261,898,1612
3262,898.2,1647
3263,898.5,1597
3264,898.7,1619
3265,899,1604
3266,899.2,1642
3267,899.4,1569
3268,899.7,1520
3269,899.9,1536
3270,900.2,1567
3271,900.4,1581
3272,900.7,1559
3273,900.9,1545
3274,901.2,1587
3275,901.4,1570
3276,901.7,1569
3277,901.9,1548
3278,902.2,1570
3279,902.4,1562
3280,902.7,1585
3281,902.9,1579
3282,903.2,1621
3283,903.4,1603
3284,903.7,1593
3285,903.9,1597
3286,904.2,1606
3287,904.4,1599
3288,904.7,1539
3289,904.9,1545
3290,905.2,1546
3291,905.4,1598
3292,905.7,1593
3293,905.9,1584
3294,906.1,1561
3295,906.4,1548
3296,906.6,1582
3297,906.9,1556
3298,907.1,1571
3299,907.4,1637
3300,907.6,1538
3301,907.9,1533
3302,908.1,1567
3303,908.4,1581
3304,908.6,1621
3305,908.9,1703
3306,909.1,1705
3307,909.4,1675
3308,909.6,1635
3309,909.9,1675
3310,910.1,1677
3311,910.4,1673
3312,910.6,1624
3313,910.9,1575
3314,911.1,1575
3315,911.4,1551
3316,911.6,1598
3317,911.9,1564
3318,912.1,1547
3319,912.4,1481
3320,912.6,1584
3321,912.9,1636
3322,913.1,1687
3323,913.3,1711
3324,913.6,1686
3325,913.8,1591
3326,914.1,1568
3327,914.3,1624
3328,914.6,1655
3329,914.8,1674
3330,915.1,1710
3331,915.3,1741
3332,915.6,1727
3333,915.8,1713
3334,916.1,1749
3335,916.3,1745
3336,916.6,1735
3337,916.8,1700
3338,917.1,1697
3339,917.3,1729
3340,917.6,1711
3341,917.8,1706
3342,918.1,1680
3343,918.3,1693
3344,918.6,1692
3345,918.8,1689
3346,919.1,1681
3347,919.3,1649
3348,919.6,1664
3349,919.8,1573
3350,920.1,1582
3351,920.3,1647
3352,920.6,1652
3353,920.8,1681
3354,921.1,1721
3355,921.3,1775
3356,921.6,1799
3357,921.8,1762
3358,922,1703
3359,922.3,1668
3360,922.5,1670
3361,922.8,1714
3362,923,1685
3363,923.3,1670
3364,923.5,1631
3365,923.8,1637
3366,924,1655
3367,924.3,1645
3368,924.5,1701
3369,924.8,1689
3370,925,1781
3371,925.3,1753
3372,925.5,1721
3373,925.8,1777
3374,926,1787
3375,926.3,1781
3376,926.5,1763
3377,926.8,1822
3378,927,1808
3379,927.3,1825
3380,927.5,1808
3381,927.8,1792
3382,928,1781
3383,928.3,1795
3384,928.5,1802
3385,928.8,1767
3386,929,1840
3387,929.3,1818
3388,929.5,1828
3389,929.8,1831
3390,930,1805
3391,930.3,1856
3392,930.5,1821
3393,930.8,1831
3394,931,1819
3395,931.3,1827
3396,931.5,1812
3397,931.8,1792
3398,932,1815
3399,932.3,1827
3400,932.5,1801
3401,932.7,1831
3402,933,1803
3403,933.2,1815
3404,933.5,1807
3405,933.7,1805
3406,934,1861
3407,934.2,1862
3408,934.5,1853
3409,934.7,1811
3410,935,1877
3411,935.2,1887
3412,935.5,1920
3413,935.7,1948
3414,936,1938
3415,936.2,1948
3416,936.5,1911
3417,936.7,1987
3418,937,1941
3419,937.2,1954
3420,937.5,1954
3421,937.7,1908
3422,938,1967
3423,938.2,1953
3424,938.5,1981
3425,938.7,2031
3426,939,1981
3427,939.2,1889
3428,939.5,1965
3429,939.7,1967
3430,940,1988
3431,940.2,2006
3432,940.5,1981
3433,940.7,2043
3434,941,1976
3435,941.2,1929
3436,941.5,1957
3437,941.7,1980
3438,942,1996
3439,942.2,1985
3440,942.5,2056
3441,942.7,2049
3442,943,2009
3443,943.2,2051
3444,943.5,2062
3445,943.7,2063
3446,944,2023
3447,944.2,1989
3448,944.5,1987
3449,944.7,1948
3450,945,1939
3451,945.2,1931
3452,945.5,2057
3453,945.7,2075
3454,946,2079
3455,946.2,2151
3456,946.5,2141
3457,946.7,2183
3458,947,2198
3459,947.2,2207
3460,947.5,2235
3461,947.7,2207
3462,948,2164
3463,948.2,2163
3464,948.5,2163
3465,948.7,2171
3466,949,2201
3467,949.2,2271
3468,949.5,2310
3469,949.7,2311
3470,950,2323
3471,950.2,2291
3472,950.5,2202
3473,950.7,2189
3474,950.9,2199
3475,951.2,2215
3476,951.4,2241
3477,951.7,2283
3478,951.9,2243
3479,952.2,2241
3480,952.4,2275
3481,952.7,2271
3482,952.9,2293
3483,953.2,2313
3484,953.4,2289
3485,953.7,2225
3486,953.9,2237
3487,954.2,2237
3488,954.4,2214
3489,954.7,2231
3490,954.9,2247
3491,955.2,2272
3492,955.4,2303
3493,955.7,2325
3494,955.9,2274
3495,956.2,2242
3496,956.4,2262
3497,956.7,2326
3498,956.9,2316
3499,957.2,2273
3500,957.4,2257
3501,957.7,2269
3502,957.9,2216
3503,958.2,2213
3504,958.4,2249
3505,958.7,2265
3506,958.9,2166
3507,959.2,2183
3508,959.4,2129
3509,959.7,2159
3510,959.9,2172
3511,960.2,2156
3512,960.4,2099
3513,960.7,2089
3514,960.9,2161
3515,961.2,2103
3516,961.4,2077
3517,961.7,2072
3518,961.9,2076
3519,962.2,2104
3520,962.4,2094
3521,962.7,2124
3522,962.9,2067
3523,963.2,2087
3524,963.4,2010
3525,963.7,2009
3526,963.9,2068
3527,964.2,2058
3528,964.4,2049
3529,964.7,2007
3530,964.9,1975
3531,965.2,1989
3532,965.4,2001
3533,965.7,1978
3534,965.9,1940
3535,966.2,1938
3536,966.4,1902
3537,966.7,1825
3538,966.9,1816
3539,967.2,1815
3540,967.4,1829
3541,967.7,1808
3542,967.9,1849
3543,968.2,1897
3544,968.4,1927
3545,968.7,1869
3546,968.9,1814
3547,969.2,1735
3548,969.4,1785
3549,969.7,1756
3550,969.9,1819
3551,970.2,1782
3552,970.4,1829
3553,970.7,1784
3554,970.9,1732
3555,971.2,1747
3556,971.4,1750
3557,971.7,1737
3558,971.9,1782
3559,972.2,1757
3560,972.4,1764
3561,972.7,1683
3562,972.9,1674
3563,973.2,1666
3564,973.4,1681
3565,973.7,1680
3566,973.9,1685
3567,974.2,1661
3568,974.4,1619
3569,974.7,1668
3570,974.9,1667
3571,975.2,1655
3572,975.4,1681
3573,975.7,1675
3574,975.9,1613
3575,976.2,1559
3576,976.4,1588
3577,976.7,1588
3578,976.9,1600
3579,977.2,1641
3580,977.4,1696
3581,977.7,1685
3582,977.9,1633
3583,978.2,1569
3584,978.5,1628
3585,978.7,1641
3586,979,1675
3587,979.2,1632
3588,979.5,1691
3589,979.7,1665
3590,980,1692
3591,980.2,1688
3592,980.5,1663
3593,980.7,1601
3594,981,1600
3595,981.2,1545
3596,981.5,1556
3597,981.7,1592
3598,982,1588
3599,982.2,1601
3600,982.5,1625
3601,982.7,1629
3602,983,1663
3603,983.2,1698
3604,983.5,1675
3605,983.7,1575
3606,984,1544
3607,984.2,1545
3608,984.5,1592
3609,984.7,1590
3610,985,1547
3611,985.2,1555
3612,985.5,1569
3613,985.7,1637
3614,986,1645
3615,986.2,1615
3616,986.5,1623
3617,986.7,1590
3618,987,1642
3619,987.2,1560
3620,987.5,1517
3621,987.7,1501
3622,988,1467
3623,988.2,1499
3624,988.5,1530
3625,988.7,1550
3626,989,1596
3627,989.2,1647
3628,989.5,1536
3629,989.7,1528
3630,990,1543
3631,990.2,1567
3632,990.5,1613
3633,990.7,1597
3634,991,1559
3635,991.2,1555
3636,991.5,1586
3637,991.7,1593
3638,992,1621
3639,992.2,1613
3640,992.5,1633
3641,992.7,1647
3642,993,1627
3643,993.2,1622
3644,993.5,1649
3645,993.7,1598
3646,994,1646
3647,994.2,1605
3648,994.5,1525
